  4.500000e-03   5.706090e-02   2.774443e-03
  4.630393e-03   5.374143e-02   2.537305e-03
  4.760785e-03   6.407700e-02   2.302060e-03
  4.891178e-03   5.934833e-02   2.153445e-03
  5.021570e-03   6.420099e-02   2.061228e-03
  5.151963e-03   6.309004e-02   1.961295e-03
  5.282355e-03   5.955144e-02   1.863356e-03
  5.412748e-03   5.937599e-02   1.732605e-03
  5.543140e-03   5.422549e-02   1.693385e-03
  5.673533e-03   6.230684e-02   1.557126e-03
  5.803925e-03   5.992391e-02   1.513928e-03
  5.934318e-03   5.744098e-02   1.500711e-03
  6.064710e-03   6.542778e-02   1.400892e-03
  6.195103e-03   6.379514e-02   1.383987e-03
  6.325496e-03   6.398426e-02   1.309809e-03
  6.455888e-03   6.507829e-02   1.263607e-03
  6.586281e-03   6.271929e-02   1.283735e-03
  6.716673e-03   5.831211e-02   1.195102e-03
  6.847066e-03   6.453040e-02   1.166314e-03
  6.977458e-03   6.631747e-02   1.156879e-03
  7.107851e-03   6.684757e-02   1.087178e-03
  7.238243e-03   6.369869e-02   1.094992e-03
  7.368636e-03   5.967969e-02   1.042240e-03
  7.499028e-03   6.200992e-02   1.006059e-03
  7.629421e-03   5.915521e-02   1.014387e-03
  7.759813e-03   5.687948e-02   9.432020e-04
  7.890206e-03   5.864588e-02   9.411895e-04
  8.020599e-03   6.076293e-02   9.186334e-04
  8.150991e-03   5.911972e-02   8.854492e-04
  8.281384e-03   6.020072e-02   8.802057e-04
  8.411776e-03   6.070228e-02   8.430999e-04
  8.542169e-03   6.092215e-02   8.235984e-04
  8.672561e-03   5.687350e-02   8.254767e-04
  8.802954e-03   5.713264e-02   7.835887e-04
  8.933346e-03   5.654755e-02   7.776530e-04
  9.063739e-03   5.692905e-02   7.614509e-04
  9.194131e-03   5.683422e-02   7.310645e-04
  9.324524e-03   5.567421e-02   7.349592e-04
  9.454916e-03   5.381875e-02   7.002000e-04
  9.585309e-03   5.564855e-02   6.896613e-04
  9.715701e-03   5.541780e-02   6.812873e-04
  9.846094e-03   5.564491e-02   6.573958e-04
  9.976487e-03   5.428821e-02   6.495464e-04
  1.010688e-02   5.394308e-02   6.345994e-04
  1.023727e-02   5.460407e-02   6.271603e-04
  1.036766e-02   5.535105e-02   6.127965e-04
  1.049806e-02   5.410893e-02   5.866440e-04
  1.062845e-02   5.497630e-02   5.813781e-04
  1.075884e-02   5.537948e-02   5.795445e-04
  1.088923e-02   5.401809e-02   5.634686e-04
  1.101963e-02   5.453634e-02   5.664768e-04
  1.115002e-02   5.462641e-02   5.516548e-04
  1.128041e-02   5.403951e-02   5.428404e-04
  1.141080e-02   5.395481e-02   5.432831e-04
  1.154120e-02   5.465169e-02   5.253407e-04
  1.167159e-02   5.416124e-02   5.233721e-04
  1.180198e-02   5.463220e-02   5.130565e-04
  1.193238e-02   5.334202e-02   4.916360e-04
  1.206277e-02   5.310173e-02   4.917125e-04
  1.219316e-02   5.320560e-02   4.775984e-04
  1.232355e-02   5.322365e-02   4.777948e-04
  1.245394e-02   5.335735e-02   4.757526e-04
  1.258434e-02   5.280839e-02   4.580376e-04
  1.271473e-02   5.303805e-02   4.540021e-04
  1.284512e-02   5.228319e-02   4.435348e-04
  1.297551e-02   5.194929e-02   4.352787e-04
  1.310591e-02   5.178135e-02   4.345591e-04
  1.323630e-02   5.197889e-02   4.257553e-04
  1.336669e-02   5.255777e-02   4.215080e-04
  1.349709e-02   5.248042e-02   4.220997e-04
  1.362748e-02   5.124236e-02   4.078125e-04
  1.375787e-02   5.195925e-02   4.117350e-04
  1.388826e-02   5.173688e-02   4.084383e-04
  1.401865e-02   5.218032e-02   4.042740e-04
  1.414905e-02   5.213283e-02   4.040228e-04
  1.427944e-02   5.154340e-02   3.958751e-04
  1.440983e-02   5.148317e-02   3.907266e-04
  1.454023e-02   5.137038e-02   3.946293e-04
  1.467062e-02   5.092755e-02   3.872650e-04
  1.480101e-02   5.103551e-02   3.878588e-04
  1.493140e-02   5.066537e-02   3.851628e-04
  1.506180e-02   5.121325e-02   3.796538e-04
  1.519219e-02   5.072050e-02   3.815626e-04
  1.532258e-02   5.048983e-02   3.753382e-04
  1.545297e-02   5.097375e-02   3.736786e-04
  1.558337e-02   5.046683e-02   3.722199e-04
  1.571376e-02   4.976673e-02   3.658782e-04
  1.584415e-02   4.988274e-02   3.638635e-04
  1.597454e-02   5.039659e-02   3.629553e-04
  1.610494e-02   5.026470e-02   3.614438e-04
  1.623533e-02   5.075320e-02   3.612706e-04
  1.636572e-02   4.932059e-02   3.542639e-04
  1.649611e-02   4.925908e-02   3.517344e-04
  1.662651e-02   4.878290e-02   3.498517e-04
  1.675690e-02   4.895465e-02   3.478271e-04
  1.688729e-02   4.942914e-02   3.499251e-04
  1.701768e-02   4.880857e-02   3.434464e-04
  1.714808e-02   4.961924e-02   3.428637e-04
  1.727847e-02   4.846351e-02   3.413318e-04
  1.740886e-02   4.856787e-02   3.354226e-04
  1.753925e-02   4.843951e-02   3.358284e-04
  1.766965e-02   4.837023e-02   3.359094e-04
  1.780004e-02   4.789139e-02   3.297981e-04
  1.793043e-02   4.839732e-02   3.328890e-04
  1.806082e-02   4.747257e-02   3.284468e-04
  1.819122e-02   4.781169e-02   3.252753e-04
  1.832161e-02   4.837528e-02   3.295338e-04
  1.845200e-02   4.715162e-02   3.217755e-04
  1.858239e-02   4.673361e-02   3.218736e-04
  1.871279e-02   4.680284e-02   3.204560e-04
  1.884318e-02   4.666389e-02   3.148692e-04
  1.897357e-02   4.681011e-02   3.194687e-04
  1.910396e-02   4.701028e-02   3.165658e-04
  1.923436e-02   4.659707e-02   3.116818e-04
  1.936475e-02   4.650162e-02   3.145656e-04
  1.949514e-02   4.654048e-02   3.068129e-04
  1.962553e-02   4.601389e-02   3.109720e-04
  1.975593e-02   4.634792e-02   3.108695e-04
  1.988632e-02   4.607561e-02   3.033967e-04
  2.001671e-02   4.613544e-02   3.076859e-04
  2.014710e-02   4.616086e-02   3.031736e-04
  2.027750e-02   4.571757e-02   3.009160e-04
  2.040789e-02   4.486341e-02   3.022597e-04
  2.053828e-02   4.510818e-02   2.993156e-04
  2.066868e-02   4.535002e-02   2.987519e-04
  2.079907e-02   4.462956e-02   2.960596e-04
  2.092946e-02   4.482194e-02   2.919099e-04
  2.105985e-02   4.452815e-02   2.966152e-04
  2.119024e-02   4.444325e-02   2.914379e-04
  2.132064e-02   4.420147e-02   2.908264e-04
  2.145103e-02   4.466285e-02   2.908620e-04
  2.158142e-02   4.436350e-02   2.856881e-04
  2.171181e-02   4.346139e-02   2.887847e-04
  2.184221e-02   4.426797e-02   2.870396e-04
  2.197260e-02   4.340596e-02   2.846226e-04
  2.210299e-02   4.380166e-02   2.860586e-04
  2.223339e-02   4.383861e-02   2.831837e-04
  2.236378e-02   4.385566e-02   2.806792e-04
  2.249417e-02   4.394509e-02   2.826866e-04
  2.262456e-02   4.304880e-02   2.784399e-04
  2.275496e-02   4.287979e-02   2.788985e-04
  2.288535e-02   4.287697e-02   2.768504e-04
  2.301574e-02   4.283786e-02   2.746757e-04
  2.314613e-02   4.260321e-02   2.765737e-04
  2.327652e-02   4.232047e-02   2.726300e-04
  2.340692e-02   4.259062e-02   2.748587e-04
  2.353731e-02   4.224891e-02   2.722111e-04
  2.366770e-02   4.226777e-02   2.693757e-04
  2.379810e-02   4.153442e-02   2.703467e-04
  2.392849e-02   4.148302e-02   2.680327e-04
  2.405888e-02   4.172167e-02   2.668387e-04
  2.418927e-02   4.117686e-02   2.683726e-04
  2.431967e-02   4.160362e-02   2.631127e-04
  2.445006e-02   4.091394e-02   2.652263e-04
  2.458045e-02   4.086493e-02   2.630656e-04
  2.471084e-02   4.050755e-02   2.618785e-04
  2.484124e-02   4.057688e-02   2.627416e-04
  2.497163e-02   4.039707e-02   2.613425e-04
  2.510202e-02   4.058573e-02   2.589521e-04
  2.523241e-02   4.012584e-02   2.589675e-04
  2.536281e-02   4.000433e-02   2.558697e-04
  2.549320e-02   4.031939e-02   2.600420e-04
  2.562359e-02   4.019482e-02   2.562287e-04
  2.575398e-02   3.993166e-02   2.551228e-04
  2.588438e-02   3.963118e-02   2.555548e-04
  2.601477e-02   3.917754e-02   2.508934e-04
  2.614516e-02   3.952204e-02   2.526943e-04
  2.627555e-02   3.974892e-02   2.535904e-04
  2.640595e-02   3.898683e-02   2.493530e-04
  2.653634e-02   3.900331e-02   2.504388e-04
  2.666673e-02   3.857817e-02   2.483205e-04
  2.679712e-02   3.856140e-02   2.469781e-04
  2.692752e-02   3.834089e-02   2.488795e-04
  2.705791e-02   3.876339e-02   2.475387e-04
  2.718830e-02   3.805948e-02   2.441977e-04
  2.731869e-02   3.812853e-02   2.452199e-04
  2.744909e-02   3.840668e-02   2.426703e-04
  2.757948e-02   3.751888e-02   2.445322e-04
  2.770987e-02   3.748967e-02   2.418846e-04
  2.784026e-02   3.809003e-02   2.418601e-04
  2.797066e-02   3.776483e-02   2.422538e-04
  2.810105e-02   3.685049e-02   2.378999e-04
  2.823144e-02   3.718982e-02   2.387516e-04
  2.836183e-02   3.682589e-02   2.389429e-04
  2.849223e-02   3.685387e-02   2.374473e-04
  2.862262e-02   3.646877e-02   2.375818e-04
  2.875301e-02   3.600878e-02   2.360459e-04
  2.888341e-02   3.672766e-02   2.338235e-04
  2.901380e-02   3.615208e-02   2.356389e-04
  2.914419e-02   3.629229e-02   2.327405e-04
  2.927458e-02   3.578513e-02   2.333551e-04
  2.940497e-02   3.572916e-02   2.316528e-04
  2.953537e-02   3.555397e-02   2.306517e-04
  2.966576e-02   3.552894e-02   2.307262e-04
  2.979615e-02   3.493348e-02   2.286540e-04
  2.992654e-02   3.550850e-02   2.300205e-04
  3.005694e-02   3.484702e-02   2.294153e-04
  3.018733e-02   3.488066e-02   2.259800e-04
  3.031772e-02   3.513674e-02   2.276917e-04
  3.044812e-02   3.501524e-02   2.266147e-04
  3.057851e-02   3.467714e-02   2.263286e-04
  3.070890e-02   3.448355e-02   2.270729e-04
  3.083929e-02   3.500708e-02   2.245539e-04
  3.096969e-02   3.445052e-02   2.231606e-04
  3.110008e-02   3.381115e-02   2.223756e-04
  3.123047e-02   3.450792e-02   2.224863e-04
  3.136086e-02   3.379430e-02   2.222945e-04
  3.149126e-02   3.358430e-02   2.213754e-04
  3.162165e-02   3.394244e-02   2.204171e-04
  3.175204e-02   3.378931e-02   2.208605e-04
  3.188243e-02   3.342911e-02   2.187182e-04
  3.201283e-02   3.338176e-02   2.179860e-04
  3.214322e-02   3.307037e-02   2.194658e-04
  3.227361e-02   3.328414e-02   2.164131e-04
  3.240400e-02   3.299379e-02   2.180796e-04
  3.253440e-02   3.245109e-02   2.151682e-04
  3.266479e-02   3.239014e-02   2.145666e-04
  3.279518e-02   3.241146e-02   2.164357e-04
  3.292557e-02   3.230359e-02   2.133691e-04
  3.305597e-02   3.234524e-02   2.126885e-04
  3.318636e-02   3.221400e-02   2.144286e-04
  3.331675e-02   3.209452e-02   2.112398e-04
  3.344714e-02   3.196310e-02   2.126573e-04
  3.357754e-02   3.213017e-02   2.122605e-04
  3.370793e-02   3.143645e-02   2.097127e-04
  3.383832e-02   3.123848e-02   2.109304e-04
  3.396871e-02   3.111835e-02   2.078290e-04
  3.409911e-02   3.100692e-02   2.090054e-04
  3.422950e-02   3.062260e-02   2.106121e-04
  3.435989e-02   3.085117e-02   2.109238e-04
  3.449028e-02   3.085513e-02   2.121257e-04
  3.462068e-02   3.078677e-02   2.119300e-04
  3.475107e-02   3.055881e-02   2.137319e-04
  3.488146e-02   3.035634e-02   2.183824e-04
  3.501185e-02   3.030015e-02   2.166799e-04
  3.514225e-02   2.977242e-02   2.179875e-04
  3.527264e-02   3.017666e-02   2.188003e-04
  3.540303e-02   3.010000e-02   2.186802e-04
  3.553342e-02   2.984085e-02   2.199011e-04
  3.566382e-02   2.954048e-02   2.204999e-04
  3.579421e-02   2.948048e-02   2.202750e-04
  3.592460e-02   2.963892e-02   2.212925e-04
  3.605499e-02   2.943439e-02   2.193684e-04
  3.618539e-02   2.968915e-02   2.209665e-04
  3.631578e-02   2.910514e-02   2.201474e-04
  3.644617e-02   2.880301e-02   2.207813e-04
  3.657656e-02   2.855564e-02   2.222036e-04
  3.670696e-02   2.838350e-02   2.195853e-04
  3.683735e-02   2.860435e-02   2.217439e-04
  3.696774e-02   2.855011e-02   2.233515e-04
  3.709813e-02   2.866027e-02   2.214590e-04
  3.722853e-02   2.829265e-02   2.240623e-04
  3.735892e-02   2.828781e-02   2.227619e-04
  3.748931e-02   2.813669e-02   2.226726e-04
  3.761971e-02   2.828075e-02   2.240751e-04
  3.775010e-02   2.801983e-02   2.227479e-04
  3.788049e-02   2.711147e-02   2.236158e-04
  3.801088e-02   2.720073e-02   2.239390e-04
  3.814128e-02   2.731113e-02   2.232711e-04
  3.827167e-02   2.748680e-02   2.253799e-04
  3.840206e-02   2.697446e-02   2.238622e-04
  3.853245e-02   2.730652e-02   2.247800e-04
  3.866285e-02   2.684352e-02   2.269395e-04
  3.879324e-02   2.703764e-02   2.239779e-04
  3.892363e-02   2.657533e-02   2.250919e-04
  3.905402e-02   2.679301e-02   2.252899e-04
  3.918442e-02   2.667159e-02   2.238591e-04
  3.931481e-02   2.683311e-02   2.270063e-04
  3.944520e-02   2.665079e-02   2.266040e-04
  3.957559e-02   2.643288e-02   2.236170e-04
  3.970598e-02   2.572130e-02   2.221251e-04
  3.983638e-02   2.573086e-02   2.172870e-04
  3.996677e-02   2.566561e-02   2.187979e-04
  4.009716e-02   2.606014e-02   2.184422e-04
  4.022755e-02   2.608569e-02   2.168790e-04
  4.035795e-02   2.589475e-02   2.175420e-04
  4.048834e-02   2.580168e-02   2.149845e-04
  4.061873e-02   2.538518e-02   2.142829e-04
  4.074913e-02   2.532913e-02   2.152978e-04
  4.087952e-02   2.542370e-02   2.130656e-04
  4.100991e-02   2.539052e-02   2.138780e-04
  4.114030e-02   2.494581e-02   2.122275e-04
  4.127070e-02   2.508436e-02   2.107738e-04
  4.140109e-02   2.515441e-02   2.128411e-04
  4.153148e-02   2.455860e-02   2.105374e-04
  4.166187e-02   2.478405e-02   2.098848e-04
  4.179227e-02   2.517076e-02   2.107358e-04
  4.192266e-02   2.518046e-02   2.086558e-04
  4.205305e-02   2.432208e-02   2.093589e-04
  4.218344e-02   2.381378e-02   2.085970e-04
  4.231384e-02   2.447042e-02   2.078387e-04
  4.244423e-02   2.418775e-02   2.088303e-04
  4.257462e-02   2.392208e-02   2.059950e-04
  4.270501e-02   2.403534e-02   2.064135e-04
  4.283541e-02   2.371888e-02   2.066864e-04
  4.296580e-02   2.362330e-02   2.054623e-04
  4.309619e-02   2.376702e-02   2.066630e-04
  4.322658e-02   2.359639e-02   2.050633e-04
  4.335698e-02   2.351291e-02   2.040142e-04
  4.348737e-02   2.338833e-02   2.054443e-04
  4.361776e-02   2.303512e-02   2.032917e-04
  4.374815e-02   2.303726e-02   2.041991e-04
  4.387855e-02   2.330522e-02   2.043667e-04
  4.400894e-02   2.298852e-02   2.025699e-04
  4.413933e-02   2.258926e-02   2.030418e-04
  4.426972e-02   2.288569e-02   2.029183e-04
  4.440012e-02   2.292270e-02   2.016346e-04
  4.453051e-02   2.281837e-02   2.042132e-04
  4.466090e-02   2.281904e-02   2.006270e-04
  4.479129e-02   2.285736e-02   2.013413e-04
  4.492169e-02   2.277845e-02   2.008798e-04
  4.505208e-02   2.245711e-02   1.995958e-04
  4.518247e-02   2.214038e-02   2.017164e-04
  4.531286e-02   2.226821e-02   1.997713e-04
  4.544326e-02   2.231457e-02   1.988753e-04
  4.557365e-02   2.200093e-02   1.995519e-04
  4.570404e-02   2.200017e-02   1.975511e-04
  4.583443e-02   2.192322e-02   1.993592e-04
  4.596483e-02   2.145764e-02   1.986919e-04
  4.609522e-02   2.148659e-02   1.969842e-04
  4.622561e-02   2.155090e-02   1.980766e-04
  4.635600e-02   2.147825e-02   1.982988e-04
  4.648640e-02   2.162187e-02   2.012642e-04
  4.661679e-02   2.151053e-02   2.033213e-04
  4.674718e-02   2.171349e-02   2.025000e-04
  4.687757e-02   2.143957e-02   2.051936e-04
  4.700797e-02   2.095980e-02   2.035095e-04
  4.713836e-02   2.106726e-02   2.025017e-04
  4.726875e-02   2.134817e-02   2.071815e-04
  4.739914e-02   2.082132e-02   2.035118e-04
  4.752954e-02   2.071580e-02   2.059744e-04
  4.765993e-02   2.062724e-02   2.068612e-04
  4.779032e-02   2.074981e-02   2.044488e-04
  4.792072e-02   2.100002e-02   2.080150e-04
  4.805111e-02   2.028491e-02   2.062979e-04
  4.818150e-02   2.075257e-02   2.078623e-04
  4.831189e-02   2.054647e-02   2.078820e-04
  4.844229e-02   2.021881e-02   2.064438e-04
  4.857268e-02   2.044733e-02   2.066105e-04
  4.870307e-02   2.033961e-02   2.071519e-04
  4.883346e-02   2.009862e-02   2.080756e-04
  4.896386e-02   2.008879e-02   2.090018e-04
  4.909425e-02   2.007170e-02   2.073810e-04
  4.922464e-02   1.987793e-02   2.076836e-04
  4.935503e-02   1.994570e-02   2.090750e-04
  4.948543e-02   2.022523e-02   2.091903e-04
  4.961582e-02   2.009031e-02   2.094892e-04
  4.974621e-02   1.972231e-02   2.084291e-04
  4.987660e-02   1.956998e-02   2.086331e-04
  5.000700e-02   1.951634e-02   2.078775e-04
  5.013739e-02   1.955852e-02   2.092312e-04
  5.026778e-02   1.950023e-02   2.090540e-04
  5.039817e-02   1.962110e-02   2.099731e-04
  5.052857e-02   1.948901e-02   2.094193e-04
  5.065896e-02   1.918089e-02   2.092455e-04
  5.078935e-02   1.964091e-02   2.090645e-04
  5.091974e-02   1.916580e-02   2.101818e-04
  5.105014e-02   1.895852e-02   2.102481e-04
  5.118053e-02   1.933992e-02   2.103198e-04
  5.131092e-02   1.925844e-02   2.101639e-04
  5.144131e-02   1.914598e-02   2.092156e-04
  5.157171e-02   1.897620e-02   2.097817e-04
  5.170210e-02   1.883437e-02   2.113537e-04
  5.183249e-02   1.874089e-02   2.097421e-04
  5.196288e-02   1.877260e-02   2.100790e-04
  5.209328e-02   1.826150e-02   2.088758e-04
  5.222367e-02   1.834447e-02   2.098083e-04
  5.235406e-02   1.890033e-02   2.102965e-04
  5.248445e-02   1.861948e-02   2.107146e-04
  5.261485e-02   1.820734e-02   2.100774e-04
  5.274524e-02   1.797863e-02   2.100819e-04
  5.287563e-02   1.836903e-02   2.103781e-04
  5.300602e-02   1.825717e-02   2.094822e-04
  5.313642e-02   1.792607e-02   2.093517e-04
  5.326681e-02   1.802886e-02   2.105065e-04
  5.339720e-02   1.856670e-02   2.130148e-04
  5.352759e-02   1.826060e-02   2.096557e-04
  5.365799e-02   1.770915e-02   2.091266e-04
  5.378838e-02   1.805321e-02   2.108852e-04
  5.391877e-02   1.815423e-02   2.118726e-04
  5.404916e-02   1.775236e-02   2.103325e-04
  5.417956e-02   1.766115e-02   2.105711e-04
  5.430995e-02   1.783222e-02   2.113853e-04
  5.444034e-02   1.773219e-02   2.105727e-04
  5.457074e-02   1.749333e-02   2.099743e-04
  5.470113e-02   1.758220e-02   2.109180e-04
  5.483152e-02   1.773140e-02   2.108501e-04
  5.496191e-02   1.751111e-02   2.118145e-04
  5.509231e-02   1.797234e-02   2.096593e-04
  5.522270e-02   1.729217e-02   2.107656e-04
  5.535309e-02   1.739213e-02   2.108620e-04
  5.548348e-02   1.742549e-02   2.127399e-04
  5.561388e-02   1.757191e-02   2.100847e-04
  5.574427e-02   1.722634e-02   2.113383e-04
  5.587466e-02   1.709034e-02   2.108859e-04
  5.600505e-02   1.693270e-02   2.103890e-04
  5.613544e-02   1.688632e-02   2.108797e-04
  5.626584e-02   1.687685e-02   2.120952e-04
  5.639623e-02   1.701129e-02   2.110172e-04
  5.652662e-02   1.647280e-02   2.104242e-04
  5.665701e-02   1.705121e-02   2.101039e-04
  5.678741e-02   1.678134e-02   2.118792e-04
  5.691780e-02   1.646965e-02   2.119846e-04
  5.704819e-02   1.673795e-02   2.101708e-04
  5.717858e-02   1.607465e-02   2.093802e-04
  5.730898e-02   1.670197e-02   2.105145e-04
  5.743937e-02   1.593993e-02   2.089742e-04
  5.756976e-02   1.611295e-02   2.123058e-04
  5.770016e-02   1.631070e-02   2.085088e-04
  5.783055e-02   1.612429e-02   2.110702e-04
  5.796094e-02   1.648835e-02   2.116923e-04
  5.809133e-02   1.678159e-02   2.074626e-04
  5.822173e-02   1.638310e-02   2.105159e-04
  5.835212e-02   1.614778e-02   2.089598e-04
  5.848251e-02   1.664182e-02   2.089238e-04
  5.861290e-02   1.594318e-02   2.089695e-04
  5.874330e-02   1.606832e-02   2.062282e-04
  5.887369e-02   1.584662e-02   2.076688e-04
  5.900408e-02   1.597560e-02   2.091093e-04
  5.913447e-02   1.600087e-02   2.056257e-04
  5.926487e-02   1.600045e-02   2.082425e-04
  5.939526e-02   1.610340e-02   2.058323e-04
  5.952565e-02   1.602738e-02   2.064645e-04
  5.965604e-02   1.585248e-02   2.066862e-04
  5.978644e-02   1.616111e-02   2.041145e-04
  5.991683e-02   1.560001e-02   2.055499e-04
  6.004722e-02   1.575739e-02   2.059918e-04
  6.017761e-02   1.562299e-02   2.018171e-04
  6.030801e-02   1.599781e-02   2.058790e-04
  6.043840e-02   1.564606e-02   2.032078e-04
  6.056879e-02   1.557996e-02   2.045998e-04
  6.069918e-02   1.529788e-02   2.030270e-04
  6.082958e-02   1.494011e-02   2.017755e-04
  6.095997e-02   1.543282e-02   2.027020e-04
  6.109036e-02   1.521616e-02   2.024585e-04
  6.122075e-02   1.552326e-02   2.017139e-04
  6.135115e-02   1.540687e-02   2.035202e-04
  6.148154e-02   1.533219e-02   2.016389e-04
  6.161193e-02   1.532080e-02   2.025680e-04
  6.174232e-02   1.491699e-02   2.013237e-04
  6.187272e-02   1.518295e-02   2.004659e-04
  6.200311e-02   1.509536e-02   2.013756e-04
  6.213350e-02   1.501678e-02   2.018525e-04
  6.226389e-02   1.486293e-02   2.003046e-04
  6.239429e-02   1.494318e-02   2.010063e-04
  6.252468e-02   1.506046e-02   1.998493e-04
  6.265507e-02   1.421898e-02   1.995424e-04
  6.278546e-02   1.494225e-02   2.028325e-04
  6.291586e-02   1.513571e-02   1.993781e-04
  6.304625e-02   1.508896e-02   2.007916e-04
  6.317664e-02   1.485879e-02   1.990216e-04
  6.330703e-02   1.447079e-02   1.996819e-04
  6.343743e-02   1.461607e-02   2.005511e-04
  6.356782e-02   1.484532e-02   1.984178e-04
  6.369821e-02   1.469989e-02   2.005829e-04
  6.382860e-02   1.470735e-02   1.999854e-04
  6.395900e-02   1.445980e-02   1.973662e-04
  6.408939e-02   1.437616e-02   2.001082e-04
  6.421978e-02   1.463385e-02   1.981917e-04
  6.435017e-02   1.417034e-02   1.993817e-04
  6.448057e-02   1.449058e-02   1.993483e-04
  6.461096e-02   1.420589e-02   1.965699e-04
  6.474135e-02   1.417732e-02   1.984153e-04
  6.487174e-02   1.400425e-02   1.991284e-04
  6.500214e-02   1.395189e-02   1.968061e-04
  6.513253e-02   1.435194e-02   1.985970e-04
  6.526292e-02   1.395544e-02   1.969522e-04
  6.539331e-02   1.417235e-02   1.978902e-04
  6.552371e-02   1.395326e-02   1.968276e-04
  6.565410e-02   1.404842e-02   1.965551e-04
  6.578449e-02   1.403277e-02   1.970065e-04
  6.591489e-02   1.407646e-02   1.971617e-04
  6.604528e-02   1.387025e-02   1.956663e-04
  6.617567e-02   1.373762e-02   1.975054e-04
  6.630606e-02   1.400571e-02   1.959998e-04
  6.643646e-02   1.378670e-02   1.974212e-04
  6.656685e-02   1.354296e-02   1.964109e-04
  6.669724e-02   1.399831e-02   1.961286e-04
  6.682763e-02   1.378655e-02   1.949602e-04
  6.695803e-02   1.354582e-02   1.957460e-04
  6.708842e-02   1.415356e-02   1.954191e-04
  6.721881e-02   1.373285e-02   1.949854e-04
  6.734920e-02   1.352204e-02   1.945420e-04
  6.747960e-02   1.325555e-02   1.943614e-04
  6.760999e-02   1.336826e-02   1.950453e-04
  6.774038e-02   1.362930e-02   1.942676e-04
  6.787077e-02   1.326294e-02   1.938512e-04
  6.800117e-02   1.359053e-02   1.952499e-04
  6.813156e-02   1.323723e-02   1.933241e-04
  6.826195e-02   1.337824e-02   1.938637e-04
  6.839234e-02   1.315173e-02   1.930836e-04
  6.852274e-02   1.350205e-02   1.945471e-04
  6.865313e-02   1.323668e-02   1.943207e-04
  6.878352e-02   1.351646e-02   1.930116e-04
  6.891391e-02   1.318362e-02   1.932089e-04
  6.904431e-02   1.311333e-02   1.932128e-04
  6.917470e-02   1.305429e-02   1.929060e-04
  6.930509e-02   1.295492e-02   1.927868e-04
  6.943548e-02   1.319759e-02   1.916950e-04
  6.956588e-02   1.289855e-02   1.923820e-04
  6.969627e-02   1.310646e-02   1.933902e-04
  6.982666e-02   1.322643e-02   1.926258e-04
  6.995705e-02   1.319439e-02   1.928497e-04
  7.008745e-02   1.306438e-02   1.919166e-04
  7.021784e-02   1.272398e-02   1.922345e-04
  7.034823e-02   1.280024e-02   1.915189e-04
  7.047862e-02   1.249720e-02   1.904863e-04
  7.060902e-02   1.283706e-02   1.915540e-04
  7.073941e-02   1.256991e-02   1.922237e-04
  7.086980e-02   1.322621e-02   1.902441e-04
  7.100019e-02   1.250567e-02   1.908927e-04
  7.113059e-02   1.263002e-02   1.903664e-04
  7.126098e-02   1.228990e-02   1.914825e-04
  7.139137e-02   1.271998e-02   1.912898e-04
  7.152176e-02   1.264797e-02   1.905989e-04
  7.165216e-02   1.240960e-02   1.902269e-04
  7.178255e-02   1.236166e-02   1.904583e-04
  7.191294e-02   1.205675e-02   1.879834e-04
  7.204334e-02   1.243757e-02   1.897770e-04
  7.217373e-02   1.250267e-02   1.896067e-04
  7.230412e-02   1.238052e-02   1.897180e-04
  7.243451e-02   1.233908e-02   1.892332e-04
  7.256490e-02   1.233578e-02   1.876880e-04
  7.269530e-02   1.241539e-02   1.897078e-04
  7.282569e-02   1.214961e-02   1.886138e-04
  7.295608e-02   1.246322e-02   1.889836e-04
  7.308647e-02   1.222165e-02   1.884896e-04
  7.321687e-02   1.174067e-02   1.879754e-04
  7.334726e-02   1.222131e-02   1.883833e-04
  7.347765e-02   1.195149e-02   1.883599e-04
  7.360804e-02   1.214201e-02   1.874942e-04
  7.373844e-02   1.217282e-02   1.884675e-04
  7.386883e-02   1.209829e-02   1.870028e-04
  7.399922e-02   1.222054e-02   1.873928e-04
  7.412961e-02   1.220944e-02   1.877191e-04
  7.426001e-02   1.188097e-02   1.875066e-04
  7.439040e-02   1.203055e-02   1.874418e-04
  7.452079e-02   1.196797e-02   1.877804e-04
  7.465118e-02   1.203398e-02   1.860809e-04
  7.478158e-02   1.156685e-02   1.871069e-04
  7.491197e-02   1.145198e-02   1.866620e-04
  7.504236e-02   1.184303e-02   1.862966e-04
  7.517276e-02   1.156743e-02   1.868969e-04
  7.530315e-02   1.154507e-02   1.852055e-04
  7.543354e-02   1.179534e-02   1.860576e-04
  7.556393e-02   1.169881e-02   1.857668e-04
  7.569433e-02   1.125022e-02   1.848968e-04
  7.582472e-02   1.136963e-02   1.858340e-04
  7.595511e-02   1.146884e-02   1.844596e-04
  7.608550e-02   1.138180e-02   1.851664e-04
  7.621590e-02   1.131132e-02   1.850469e-04
  7.634629e-02   1.132779e-02   1.846171e-04
  7.647668e-02   1.177210e-02   1.861165e-04
  7.660707e-02   1.167565e-02   1.850607e-04
  7.673747e-02   1.139264e-02   1.842483e-04
  7.686786e-02   1.116183e-02   1.850758e-04
  7.699825e-02   1.126358e-02   1.841233e-04
  7.712864e-02   1.116013e-02   1.842845e-04
  7.725904e-02   1.103573e-02   1.845322e-04
  7.738943e-02   1.107039e-02   1.834257e-04
  7.751982e-02   1.155807e-02   1.845604e-04
  7.765021e-02   1.116745e-02   1.831051e-04
  7.778061e-02   1.131069e-02   1.833131e-04
  7.791100e-02   1.115653e-02   1.835113e-04
  7.804139e-02   1.102984e-02   1.839386e-04
  7.817178e-02   1.086020e-02   1.836365e-04
  7.830218e-02   1.107271e-02   1.837306e-04
  7.843257e-02   1.130523e-02   1.819491e-04
  7.856296e-02   1.109065e-02   1.838084e-04
  7.869335e-02   1.089735e-02   1.815216e-04
  7.882375e-02   1.081236e-02   1.832646e-04
  7.895414e-02   1.093837e-02   1.829190e-04
  7.908453e-02   1.113072e-02   1.822928e-04
  7.921492e-02   1.078093e-02   1.810174e-04
  7.934532e-02   1.070704e-02   1.832269e-04
  7.947571e-02   1.079394e-02   1.813444e-04
  7.960610e-02   1.070063e-02   1.828805e-04
  7.973649e-02   1.121839e-02   1.822727e-04
  7.986689e-02   1.079327e-02   1.807112e-04
  7.999728e-02   1.040250e-02   1.822341e-04
  8.012767e-02   1.062076e-02   1.812700e-04
  8.025807e-02   1.057071e-02   1.808453e-04
  8.038846e-02   1.074467e-02   1.817270e-04
  8.051885e-02   1.059949e-02   1.802414e-04
  8.064924e-02   1.040935e-02   1.807587e-04
  8.077964e-02   1.063398e-02   1.800332e-04
  8.091003e-02   1.060710e-02   1.815276e-04
  8.104042e-02   1.032387e-02   1.811556e-04
  8.117081e-02   1.055424e-02   1.800925e-04
  8.130121e-02   1.048926e-02   1.806741e-04
  8.143160e-02   1.042165e-02   1.793051e-04
  8.156199e-02   1.042025e-02   1.794924e-04
  8.169238e-02   1.053044e-02   1.808435e-04
  8.182278e-02   1.048409e-02   1.800380e-04
  8.195317e-02   1.023959e-02   1.791943e-04
  8.208356e-02   1.037801e-02   1.796220e-04
  8.221395e-02   9.914213e-03   1.789099e-04
  8.234434e-02   1.024735e-02   1.795683e-04
  8.247474e-02   1.034776e-02   1.792562e-04
  8.260513e-02   1.004756e-02   1.791912e-04
  8.273552e-02   9.834776e-03   1.781529e-04
  8.286591e-02   9.996803e-03   1.780935e-04
  8.299631e-02   1.031476e-02   1.790247e-04
  8.312670e-02   1.004245e-02   1.786337e-04
  8.325709e-02   1.029939e-02   1.782811e-04
  8.338748e-02   1.000349e-02   1.786732e-04
  8.351788e-02   1.009819e-02   1.772341e-04
  8.364827e-02   9.846726e-03   1.772611e-04
  8.377866e-02   1.000912e-02   1.784100e-04
  8.390906e-02   1.006664e-02   1.780172e-04
  8.403945e-02   9.932574e-03   1.777353e-04
  8.416984e-02   9.758980e-03   1.789195e-04
  8.430023e-02   9.574254e-03   1.758298e-04
  8.443063e-02   9.581387e-03   1.777919e-04
  8.456102e-02   1.001411e-02   1.770001e-04
  8.469141e-02   9.705774e-03   1.776111e-04
  8.482180e-02   9.751400e-03   1.779813e-04
  8.495220e-02   9.637141e-03   1.756375e-04
  8.508259e-02   9.453590e-03   1.764345e-04
  8.521298e-02   9.322846e-03   1.763309e-04
  8.534337e-02   9.450623e-03   1.755880e-04
  8.547377e-02   9.801978e-03   1.777845e-04
  8.560416e-02   9.669529e-03   1.759307e-04
  8.573455e-02   9.252740e-03   1.752641e-04
  8.586494e-02   9.404310e-03   1.768222e-04
  8.599534e-02   9.358354e-03   1.751516e-04
  8.612573e-02   9.139079e-03   1.756533e-04
  8.625612e-02   9.224110e-03   1.759054e-04
  8.638651e-02   9.454552e-03   1.747808e-04
  8.651691e-02   9.279946e-03   1.754040e-04
  8.664730e-02   9.175256e-03   1.746063e-04
  8.677769e-02   9.293570e-03   1.751192e-04
  8.690808e-02   9.084527e-03   1.757721e-04
  8.703848e-02   9.443171e-03   1.749321e-04
  8.716887e-02   9.138735e-03   1.745427e-04
  8.729926e-02   9.201438e-03   1.749990e-04
  8.742965e-02   9.372198e-03   1.750475e-04
  8.756005e-02   9.088972e-03   1.755712e-04
  8.769044e-02   9.143197e-03   1.736870e-04
  8.782083e-02   9.004826e-03   1.737134e-04
  8.795122e-02   8.957920e-03   1.743912e-04
  8.808162e-02   9.353429e-03   1.733394e-04
  8.821201e-02   8.910391e-03   1.739572e-04
  8.834240e-02   8.890933e-03   1.734325e-04
  8.847279e-02   9.066223e-03   1.740759e-04
  8.860319e-02   9.025044e-03   1.737638e-04
  8.873358e-02   8.910506e-03   1.724213e-04
  8.886397e-02   8.898866e-03   1.736914e-04
  8.899437e-02   9.022102e-03   1.735127e-04
  8.912476e-02   8.504917e-03   1.723199e-04
  8.925515e-02   9.165568e-03   1.739734e-04
  8.938554e-02   8.565357e-03   1.717598e-04
  8.951594e-02   9.057882e-03   1.731704e-04
  8.964633e-02   9.030027e-03   1.733351e-04
  8.977672e-02   8.207498e-03   1.714015e-04
  8.990711e-02   8.579169e-03   1.726029e-04
  9.003751e-02   8.705764e-03   1.728590e-04
  9.016790e-02   8.843352e-03   1.718737e-04
  9.029829e-02   8.660960e-03   1.728424e-04
  9.042868e-02   8.808006e-03   1.719292e-04
  9.055908e-02   8.445997e-03   1.716403e-04
  9.068947e-02   8.341864e-03   1.724390e-04
  9.081986e-02   8.210500e-03   1.702984e-04
  9.095025e-02   8.690366e-03   1.721932e-04
  9.108065e-02   8.816490e-03   1.715009e-04
  9.121104e-02   8.293985e-03   1.714085e-04
  9.134143e-02   8.575488e-03   1.707223e-04
  9.147182e-02   8.248772e-03   1.692938e-04
  9.160222e-02   8.561363e-03   1.722154e-04
  9.173261e-02   8.009539e-03   1.746310e-04
  9.186300e-02   8.489373e-03   1.762412e-04
  9.199339e-02   8.623449e-03   1.781191e-04
  9.212378e-02   8.550939e-03   1.799002e-04
  9.225418e-02   8.307173e-03   1.786236e-04
  9.238457e-02   8.187751e-03   1.810713e-04
  9.251496e-02   8.178341e-03   1.808626e-04
  9.264536e-02   8.360634e-03   1.814142e-04
  9.277575e-02   8.188701e-03   1.836336e-04
  9.290614e-02   8.206096e-03   1.826265e-04
  9.303653e-02   8.423310e-03   1.783898e-04
  9.316693e-02   8.173882e-03   1.768673e-04
  9.329732e-02   7.929211e-03   1.767832e-04
  9.342771e-02   7.998264e-03   1.757398e-04
  9.355810e-02   8.092157e-03   1.759914e-04
  9.368850e-02   8.080559e-03   1.755475e-04
  9.381889e-02   8.039727e-03   1.751785e-04
  9.394928e-02   8.277478e-03   1.742520e-04
  9.407967e-02   8.079551e-03   1.747013e-04
  9.421007e-02   8.054874e-03   1.732918e-04
  9.434046e-02   7.810310e-03   1.730384e-04
  9.447085e-02   7.837710e-03   1.727444e-04
  9.460124e-02   7.854132e-03   1.724166e-04
  9.473164e-02   7.805391e-03   1.727671e-04
  9.486203e-02   7.911745e-03   1.731799e-04
  9.499242e-02   7.959188e-03   1.717801e-04
  9.512281e-02   7.868891e-03   1.719011e-04
  9.525321e-02   7.698867e-03   1.717477e-04
  9.538360e-02   7.891976e-03   1.723806e-04
  9.551399e-02   7.736299e-03   1.715861e-04
  9.564438e-02   7.600889e-03   1.707155e-04
  9.577478e-02   7.418669e-03   1.718163e-04
  9.590517e-02   7.491722e-03   1.699336e-04
  9.603556e-02   7.862405e-03   1.705305e-04
  9.616595e-02   7.694309e-03   1.708822e-04
  9.629635e-02   7.568048e-03   1.698113e-04
  9.642674e-02   7.530093e-03   1.706999e-04
  9.655713e-02   7.489916e-03   1.701177e-04
  9.668752e-02   7.558929e-03   1.688080e-04
  9.681792e-02   7.719283e-03   1.702972e-04
  9.694831e-02   7.539773e-03   1.703336e-04
  9.707870e-02   7.678775e-03   1.692801e-04
  9.720909e-02   7.681231e-03   1.696508e-04
  9.733949e-02   7.511034e-03   1.689126e-04
  9.746988e-02   7.496520e-03   1.689796e-04
  9.760027e-02   7.674967e-03   1.705647e-04
  9.773066e-02   7.499011e-03   1.689787e-04
  9.786106e-02   7.493745e-03   1.685087e-04
  9.799145e-02   7.400304e-03   1.682474e-04
  9.812184e-02   7.217434e-03   1.671151e-04
  9.825223e-02   7.306589e-03   1.681284e-04
  9.838263e-02   7.290699e-03   1.668733e-04
  9.851302e-02   7.413321e-03   1.665629e-04
  9.864341e-02   7.315149e-03   1.674823e-04
  9.877381e-02   7.391493e-03   1.651757e-04
  9.890420e-02   7.176353e-03   1.657564e-04
  9.903459e-02   7.505659e-03   1.656692e-04
  9.916498e-02   7.241167e-03   1.644890e-04
  9.929538e-02   7.163925e-03   1.649358e-04
  9.942577e-02   7.238586e-03   1.644907e-04
  9.955616e-02   6.958541e-03   1.641967e-04
  9.968655e-02   7.232465e-03   1.649143e-04
  9.981695e-02   7.115033e-03   1.640678e-04
  9.994734e-02   7.410625e-03   1.655234e-04
  1.000777e-01   7.274682e-03   1.647683e-04
  1.002081e-01   7.303358e-03   1.649426e-04
  1.003385e-01   7.230561e-03   1.650783e-04
  1.004689e-01   7.274921e-03   1.647671e-04
  1.005993e-01   7.017779e-03   1.649488e-04
  1.007297e-01   7.088018e-03   1.651162e-04
  1.008601e-01   7.021432e-03   1.643783e-04
  1.009905e-01   6.930844e-03   1.646838e-04
  1.011209e-01   6.758013e-03   1.643852e-04
  1.012513e-01   6.604139e-03   1.642977e-04
  1.013817e-01   7.116967e-03   1.647909e-04
  1.015121e-01   6.781406e-03   1.640318e-04
  1.016424e-01   7.418188e-03   1.645380e-04
  1.017728e-01   7.006636e-03   1.637888e-04
  1.019032e-01   6.866087e-03   1.636329e-04
  1.020336e-01   6.985367e-03   1.646288e-04
  1.021640e-01   6.728879e-03   1.631281e-04
  1.022944e-01   6.723367e-03   1.640907e-04
  1.024248e-01   6.787612e-03   1.631826e-04
  1.025552e-01   6.686214e-03   1.627481e-04
  1.026856e-01   6.876082e-03   1.644139e-04
  1.028160e-01   6.571812e-03   1.632941e-04
  1.029464e-01   6.794484e-03   1.633584e-04
  1.030768e-01   6.612139e-03   1.634607e-04
  1.032071e-01   6.866122e-03   1.628910e-04
  1.033375e-01   6.751606e-03   1.634840e-04
  1.034679e-01   6.713772e-03   1.631230e-04
  1.035983e-01   6.823110e-03   1.624930e-04
  1.037287e-01   6.520753e-03   1.622187e-04
  1.038591e-01   6.327577e-03   1.612805e-04
  1.039895e-01   6.758284e-03   1.622827e-04
  1.041199e-01   6.599508e-03   1.627207e-04
  1.042503e-01   6.563602e-03   1.613348e-04
  1.043807e-01   6.622689e-03   1.624098e-04
  1.045111e-01   6.630401e-03   1.625480e-04
  1.046415e-01   6.472803e-03   1.612882e-04
  1.047719e-01   6.662631e-03   1.627081e-04
  1.049023e-01   6.556790e-03   1.614952e-04
  1.050327e-01   6.485272e-03   1.613635e-04
  1.051630e-01   6.485412e-03   1.624735e-04
  1.052934e-01   6.483577e-03   1.607800e-04
  1.054238e-01   6.579712e-03   1.616057e-04
  1.055542e-01   6.600420e-03   1.609836e-04
  1.056846e-01   6.523482e-03   1.620149e-04
  1.058150e-01   6.384389e-03   1.609275e-04
  1.059454e-01   6.488287e-03   1.612742e-04
  1.060758e-01   6.234045e-03   1.608618e-04
  1.062062e-01   6.116167e-03   1.612695e-04
  1.063366e-01   6.087617e-03   1.601647e-04
  1.064670e-01   6.197862e-03   1.604871e-04
  1.065974e-01   6.323337e-03   1.604701e-04
  1.067277e-01   5.969472e-03   1.602058e-04
  1.068581e-01   6.170512e-03   1.606877e-04
  1.069885e-01   6.291812e-03   1.600649e-04
  1.071189e-01   5.953781e-03   1.601708e-04
  1.072493e-01   6.215663e-03   1.604130e-04
  1.073797e-01   6.300620e-03   1.597264e-04
  1.075101e-01   6.198486e-03   1.602146e-04
  1.076405e-01   6.083682e-03   1.598616e-04
  1.077709e-01   6.436782e-03   1.607529e-04
  1.079013e-01   5.937975e-03   1.597328e-04
  1.080317e-01   5.799806e-03   1.592308e-04
  1.081621e-01   5.847396e-03   1.592932e-04
  1.082925e-01   6.159822e-03   1.592120e-04
  1.084229e-01   6.026623e-03   1.607977e-04
  1.085533e-01   6.142960e-03   1.631420e-04
  1.086836e-01   6.381241e-03   1.641614e-04
  1.088140e-01   5.730968e-03   1.645776e-04
  1.089444e-01   5.847782e-03   1.665046e-04
  1.090748e-01   5.845688e-03   1.667553e-04
  1.092052e-01   6.119190e-03   1.682708e-04
  1.093356e-01   5.808466e-03   1.694930e-04
  1.094660e-01   6.104261e-03   1.690480e-04
  1.095964e-01   5.745885e-03   1.693427e-04
  1.097268e-01   5.671110e-03   1.695655e-04
  1.098572e-01   5.717473e-03   1.719260e-04
  1.099876e-01   5.860783e-03   1.726694e-04
  1.101180e-01   6.211836e-03   1.708018e-04
  1.102483e-01   6.133039e-03   1.734647e-04
  1.103787e-01   5.623814e-03   1.724509e-04
  1.105091e-01   5.605967e-03   1.729730e-04
  1.106395e-01   5.507386e-03   1.745895e-04
  1.107699e-01   5.788671e-03   1.735641e-04
  1.109003e-01   5.885139e-03   1.753624e-04
  1.110307e-01   5.510105e-03   1.754876e-04
  1.111611e-01   5.842215e-03   1.745838e-04
  1.112915e-01   5.613091e-03   1.768183e-04
  1.114219e-01   5.664884e-03   1.762511e-04
  1.115523e-01   5.314849e-03   1.770999e-04
  1.116827e-01   5.379730e-03   1.776866e-04
  1.118131e-01   5.729168e-03   1.774476e-04
  1.119434e-01   5.868705e-03   1.784811e-04
  1.120738e-01   5.648265e-03   1.788623e-04
  1.122042e-01   5.620760e-03   1.780841e-04
  1.123346e-01   5.603569e-03   1.784662e-04
  1.124650e-01   5.231906e-03   1.791647e-04
  1.125954e-01   5.526296e-03   1.795578e-04
  1.127258e-01   5.567109e-03   1.811272e-04
  1.128562e-01   5.892691e-03   1.805769e-04
  1.129866e-01   5.879560e-03   1.814744e-04
  1.131170e-01   5.519619e-03   1.820991e-04
  1.132474e-01   5.337833e-03   1.808396e-04
  1.133778e-01   5.397360e-03   1.777595e-04
  1.135082e-01   5.362812e-03   1.746394e-04
  1.136386e-01   5.270455e-03   1.737047e-04
  1.137689e-01   5.654404e-03   1.734902e-04
  1.138993e-01   5.717064e-03   1.720693e-04
  1.140297e-01   5.401296e-03   1.714628e-04
  1.141601e-01   5.200217e-03   1.704182e-04
  1.142905e-01   5.227705e-03   1.707200e-04
  1.144209e-01   5.049642e-03   1.694882e-04
  1.145513e-01   5.453110e-03   1.691532e-04
  1.146817e-01   5.220864e-03   1.683979e-04
  1.148121e-01   5.167790e-03   1.690044e-04
  1.149425e-01   5.473233e-03   1.674454e-04
  1.150729e-01   5.270131e-03   1.681946e-04
  1.152033e-01   5.117951e-03   1.679287e-04
  1.153337e-01   5.343775e-03   1.668036e-04
  1.154640e-01   5.106400e-03   1.663676e-04
  1.155944e-01   5.454728e-03   1.670757e-04
  1.157248e-01   5.305427e-03   1.659462e-04
  1.158552e-01   5.298822e-03   1.666255e-04
  1.159856e-01   5.029252e-03   1.652977e-04
  1.161160e-01   5.025794e-03   1.657259e-04
  1.162464e-01   5.308534e-03   1.641756e-04
  1.163768e-01   5.165500e-03   1.646601e-04
  1.165072e-01   4.922034e-03   1.652429e-04
  1.166376e-01   4.830590e-03   1.634077e-04
  1.167680e-01   5.032954e-03   1.639318e-04
  1.168984e-01   4.636005e-03   1.634048e-04
  1.170288e-01   5.001944e-03   1.626674e-04
  1.171592e-01   5.060245e-03   1.638651e-04
  1.172896e-01   5.340699e-03   1.628650e-04
  1.174199e-01   5.339456e-03   1.635171e-04
  1.175503e-01   5.095735e-03   1.637014e-04
  1.176807e-01   4.979000e-03   1.615679e-04
  1.178111e-01   4.975849e-03   1.626139e-04
  1.179415e-01   4.829179e-03   1.625276e-04
  1.180719e-01   4.731927e-03   1.605265e-04
  1.182023e-01   4.806032e-03   1.622281e-04
  1.183327e-01   4.861484e-03   1.607587e-04
  1.184631e-01   5.105176e-03   1.611535e-04
  1.185935e-01   5.272810e-03   1.619795e-04
  1.187239e-01   5.089913e-03   1.593189e-04
  1.188543e-01   5.008091e-03   1.604979e-04
  1.189846e-01   5.079299e-03   1.603206e-04
  1.191150e-01   4.792374e-03   1.591461e-04
  1.192454e-01   4.924320e-03   1.600584e-04
  1.193758e-01   4.799658e-03   1.583813e-04
  1.195062e-01   5.085975e-03   1.584016e-04
  1.196366e-01   4.747098e-03   1.588764e-04
  1.197670e-01   4.617844e-03   1.576915e-04
  1.198974e-01   4.702766e-03   1.576832e-04
  1.200278e-01   4.363956e-03   1.574890e-04
  1.201582e-01   4.750059e-03   1.570774e-04
  1.202886e-01   4.602913e-03   1.571603e-04
  1.204190e-01   4.904668e-03   1.571269e-04
  1.205494e-01   4.790126e-03   1.570106e-04
  1.206798e-01   4.945157e-03   1.572830e-04
  1.208101e-01   4.848376e-03   1.558229e-04
  1.209405e-01   4.610367e-03   1.559880e-04
  1.210709e-01   4.762214e-03   1.559736e-04
  1.212013e-01   4.784317e-03   1.560704e-04
  1.213317e-01   4.544044e-03   1.552089e-04
  1.214621e-01   4.598828e-03   1.544611e-04
  1.215925e-01   4.561824e-03   1.551073e-04
  1.217229e-01   4.701167e-03   1.550671e-04
  1.218533e-01   4.917923e-03   1.537182e-04
  1.219837e-01   4.881628e-03   1.551979e-04
  1.221141e-01   4.472765e-03   1.533097e-04
  1.222445e-01   4.610838e-03   1.539211e-04
  1.223748e-01   4.437235e-03   1.540568e-04
  1.225052e-01   4.477361e-03   1.527681e-04
  1.226356e-01   4.551532e-03   1.536157e-04
  1.227660e-01   4.778672e-03   1.535790e-04
  1.228964e-01   4.429773e-03   1.532181e-04
  1.230268e-01   4.678358e-03   1.529859e-04
  1.231572e-01   4.678502e-03   1.526959e-04
  1.232876e-01   4.637748e-03   1.534785e-04
  1.234180e-01   4.262637e-03   1.527898e-04
  1.235484e-01   4.685127e-03   1.527459e-04
  1.236788e-01   4.471559e-03   1.534329e-04
  1.238092e-01   4.296870e-03   1.529486e-04
  1.239396e-01   4.417420e-03   1.526126e-04
  1.240700e-01   4.589015e-03   1.524398e-04
  1.242004e-01   4.392186e-03   1.523649e-04
  1.243307e-01   4.482308e-03   1.523630e-04
  1.244611e-01   4.402467e-03   1.523363e-04
  1.245915e-01   4.380537e-03   1.506889e-04
  1.247219e-01   4.238854e-03   1.522304e-04
  1.248523e-01   4.293248e-03   1.513896e-04
  1.249827e-01   4.368086e-03   1.516677e-04
  1.251131e-01   4.088251e-03   1.516819e-04
  1.252435e-01   4.618353e-03   1.513286e-04
  1.253739e-01   4.240705e-03   1.518881e-04
  1.255043e-01   4.450147e-03   1.517314e-04
  1.256347e-01   4.196552e-03   1.503840e-04
  1.257651e-01   4.247937e-03   1.522462e-04
  1.258954e-01   4.119839e-03   1.506043e-04
  1.260258e-01   4.254041e-03   1.505758e-04
  1.261562e-01   4.006352e-03   1.508828e-04
  1.262866e-01   3.933133e-03   1.509423e-04
  1.264170e-01   4.235319e-03   1.509638e-04
  1.265474e-01   4.327246e-03   1.510817e-04
  1.266778e-01   4.542966e-03   1.500783e-04
  1.268082e-01   4.335053e-03   1.510180e-04
  1.269386e-01   4.207668e-03   1.502566e-04
  1.270690e-01   4.082071e-03   1.501500e-04
  1.271994e-01   4.140161e-03   1.502624e-04
  1.273298e-01   3.990295e-03   1.492717e-04
  1.274602e-01   4.084932e-03   1.498563e-04
  1.275906e-01   4.350962e-03   1.501616e-04
  1.277209e-01   4.008838e-03   1.492438e-04
  1.278513e-01   4.350349e-03   1.504902e-04
  1.279817e-01   3.899094e-03   1.489173e-04
  1.281121e-01   4.083424e-03   1.496945e-04
  1.282425e-01   4.028307e-03   1.498399e-04
  1.283729e-01   4.239668e-03   1.495881e-04
  1.285033e-01   4.474582e-03   1.496672e-04
  1.286337e-01   4.054990e-03   1.495567e-04
  1.287641e-01   4.121692e-03   1.497707e-04
  1.288945e-01   4.049439e-03   1.494509e-04
  1.290249e-01   4.170670e-03   1.490477e-04
  1.291553e-01   4.033150e-03   1.490561e-04
  1.292857e-01   4.106266e-03   1.486219e-04
  1.294161e-01   3.888929e-03   1.486678e-04
  1.295464e-01   3.974101e-03   1.484890e-04
  1.296768e-01   4.289844e-03   1.488054e-04
  1.298072e-01   3.830736e-03   1.484560e-04
  1.299376e-01   3.912279e-03   1.488729e-04
  1.300680e-01   3.693903e-03   1.477014e-04
  1.301984e-01   4.068759e-03   1.485953e-04
  1.303288e-01   3.774568e-03   1.485014e-04
  1.304592e-01   3.761361e-03   1.478518e-04
  1.305896e-01   3.939866e-03   1.485421e-04
  1.307200e-01   4.089703e-03   1.478629e-04
  1.308504e-01   3.544332e-03   1.471713e-04
  1.309808e-01   3.906965e-03   1.484091e-04
  1.311112e-01   3.972159e-03   1.476498e-04
  1.312416e-01   3.760689e-03   1.479182e-04
  1.313719e-01   3.589403e-03   1.479904e-04
  1.315023e-01   3.996077e-03   1.478937e-04
  1.316327e-01   3.910484e-03   1.478171e-04
  1.317631e-01   4.172716e-03   1.474624e-04
  1.318935e-01   3.624020e-03   1.467785e-04
  1.320239e-01   3.800106e-03   1.482912e-04
  1.321543e-01   3.613611e-03   1.465414e-04
  1.322847e-01   3.931833e-03   1.470705e-04
  1.324151e-01   3.702387e-03   1.469391e-04
  1.325455e-01   3.569061e-03   1.464075e-04
  1.326759e-01   3.827920e-03   1.471864e-04
  1.328063e-01   3.611735e-03   1.465054e-04
  1.329366e-01   3.985179e-03   1.471105e-04
  1.330670e-01   3.463821e-03   1.469501e-04
  1.331974e-01   3.582499e-03   1.462892e-04
  1.333278e-01   3.663040e-03   1.467327e-04
  1.334582e-01   3.788497e-03   1.466081e-04
  1.335886e-01   3.592050e-03   1.460611e-04
  1.337190e-01   3.774747e-03   1.467447e-04
  1.338494e-01   3.687608e-03   1.455590e-04
  1.339798e-01   3.627214e-03   1.467723e-04
  1.341102e-01   3.429651e-03   1.461105e-04
  1.342406e-01   3.537551e-03   1.458307e-04
  1.343710e-01   3.707484e-03   1.465926e-04
  1.345014e-01   3.591000e-03   1.454818e-04
  1.346317e-01   3.538640e-03   1.456040e-04
  1.347621e-01   3.693889e-03   1.461782e-04
  1.348925e-01   3.463318e-03   1.451880e-04
  1.350229e-01   3.235517e-03   1.454185e-04
  1.351533e-01   3.327727e-03   1.456456e-04
  1.352837e-01   3.741216e-03   1.455232e-04
  1.354141e-01   3.285205e-03   1.454640e-04
  1.355445e-01   3.435483e-03   1.446125e-04
  1.356749e-01   3.332147e-03   1.452213e-04
  1.358053e-01   3.259475e-03   1.454084e-04
  1.359357e-01   3.308442e-03   1.447061e-04
  1.360661e-01   3.528985e-03   1.450587e-04
  1.361965e-01   3.538740e-03   1.451527e-04
  1.363269e-01   3.407567e-03   1.449148e-04
  1.364573e-01   3.246790e-03   1.448924e-04
  1.365876e-01   3.362018e-03   1.450114e-04
  1.367180e-01   3.447460e-03   1.448862e-04
  1.368484e-01   3.455969e-03   1.443889e-04
  1.369788e-01   3.552891e-03   1.442239e-04
  1.371092e-01   3.446555e-03   1.444281e-04
  1.372396e-01   3.525550e-03   1.443664e-04
  1.373700e-01   3.290541e-03   1.443694e-04
  1.375004e-01   3.233396e-03   1.444242e-04
  1.376308e-01   3.247295e-03   1.437207e-04
  1.377612e-01   3.425752e-03   1.445531e-04
  1.378916e-01   3.009682e-03   1.442214e-04
  1.380220e-01   3.427278e-03   1.433156e-04
  1.381524e-01   3.091738e-03   1.438950e-04
  1.382827e-01   3.026181e-03   1.431328e-04
  1.384131e-01   3.065489e-03   1.434063e-04
  1.385435e-01   3.501375e-03   1.445724e-04
  1.386739e-01   3.216529e-03   1.428459e-04
  1.388043e-01   3.140297e-03   1.434178e-04
  1.389347e-01   2.986577e-03   1.435478e-04
  1.390651e-01   3.259444e-03   1.431209e-04
  1.391955e-01   3.114515e-03   1.438330e-04
  1.393259e-01   3.011608e-03   1.430161e-04
  1.394563e-01   3.442362e-03   1.437360e-04
  1.395867e-01   3.380918e-03   1.439336e-04
  1.397171e-01   3.326559e-03   1.426283e-04
  1.398475e-01   2.975592e-03   1.429394e-04
  1.399778e-01   3.145737e-03   1.432114e-04
  1.401082e-01   2.926099e-03   1.420785e-04
  1.402386e-01   3.176760e-03   1.425972e-04
  1.403690e-01   3.184232e-03   1.422968e-04
  1.404994e-01   3.236693e-03   1.426253e-04
  1.406298e-01   3.284740e-03   1.427529e-04
  1.407602e-01   3.095712e-03   1.424849e-04
  1.408906e-01   3.166089e-03   1.427774e-04
  1.410210e-01   3.136480e-03   1.429449e-04
  1.411514e-01   3.184674e-03   1.419172e-04
  1.412818e-01   3.130736e-03   1.427198e-04
  1.414122e-01   3.080287e-03   1.417695e-04
  1.415426e-01   3.010638e-03   1.419845e-04
  1.416729e-01   3.184660e-03   1.427630e-04
  1.418033e-01   3.291986e-03   1.419588e-04
  1.419337e-01   2.878383e-03   1.417453e-04
  1.420641e-01   3.121345e-03   1.415311e-04
  1.421945e-01   2.940759e-03   1.415150e-04
  1.423249e-01   2.859643e-03   1.415800e-04
  1.424553e-01   3.049301e-03   1.412090e-04
  1.425857e-01   2.835795e-03   1.412858e-04
  1.427161e-01   2.918332e-03   1.410176e-04
  1.428465e-01   3.077140e-03   1.409889e-04
  1.429769e-01   2.645393e-03   1.412049e-04
  1.431073e-01   3.048210e-03   1.404444e-04
  1.432377e-01   3.169930e-03   1.410705e-04
  1.433680e-01   3.083641e-03   1.407842e-04
  1.434984e-01   2.809393e-03   1.403540e-04
  1.436288e-01   3.130072e-03   1.411076e-04
  1.437592e-01   3.073120e-03   1.410175e-04
  1.438896e-01   2.610681e-03   1.396639e-04
  1.440200e-01   2.946840e-03   1.403875e-04
  1.441504e-01   3.171130e-03   1.406264e-04
  1.442808e-01   2.726358e-03   1.402654e-04
  1.444112e-01   2.710388e-03   1.406254e-04
  1.445416e-01   2.926588e-03   1.400056e-04
  1.446720e-01   2.700205e-03   1.400850e-04
  1.448024e-01   2.587937e-03   1.397572e-04
  1.449328e-01   2.962221e-03   1.405031e-04
  1.450632e-01   2.805253e-03   1.401057e-04
  1.451936e-01   2.866964e-03   1.396671e-04
  1.453239e-01   2.685042e-03   1.399411e-04
  1.454543e-01   2.596969e-03   1.396504e-04
  1.455847e-01   2.760528e-03   1.392470e-04
  1.457151e-01   2.789858e-03   1.401718e-04
  1.458455e-01   2.721033e-03   1.392624e-04
  1.459759e-01   2.788212e-03   1.394296e-04
  1.461063e-01   2.778678e-03   1.401845e-04
  1.462367e-01   2.781164e-03   1.391327e-04
  1.463671e-01   2.720532e-03   1.396023e-04
  1.464975e-01   2.627679e-03   1.402096e-04
  1.466279e-01   3.247309e-03   1.399311e-04
  1.467583e-01   2.885004e-03   1.402760e-04
  1.468887e-01   2.577325e-03   1.393410e-04
  1.470190e-01   2.548407e-03   1.395501e-04
  1.471494e-01   2.705303e-03   1.395396e-04
  1.472798e-01   2.661880e-03   1.388066e-04
  1.474102e-01   2.689335e-03   1.393714e-04
  1.475406e-01   2.663168e-03   1.394122e-04
  1.476710e-01   2.649679e-03   1.380675e-04
  1.478014e-01   2.539053e-03   1.390257e-04
  1.479318e-01   2.637023e-03   1.380752e-04
  1.480622e-01   2.811268e-03   1.393336e-04
  1.481926e-01   2.597608e-03   1.388890e-04
  1.483230e-01   2.683216e-03   1.388611e-04
  1.484534e-01   2.721576e-03   1.382768e-04
  1.485837e-01   2.513328e-03   1.388433e-04
  1.487141e-01   2.712065e-03   1.382659e-04
  1.488445e-01   2.652485e-03   1.387863e-04
  1.489749e-01   2.634086e-03   1.383231e-04
  1.491053e-01   2.351162e-03   1.387368e-04
  1.492357e-01   2.783071e-03   1.387710e-04
  1.493661e-01   2.637078e-03   1.379312e-04
  1.494965e-01   2.755888e-03   1.388422e-04
  1.496269e-01   2.896368e-03   1.383509e-04
  1.497573e-01   2.464032e-03   1.381499e-04
  1.498877e-01   2.423432e-03   1.384047e-04
  1.500181e-01   2.686662e-03   1.375310e-04
  1.501485e-01   2.551318e-03   1.385849e-04
  1.502789e-01   2.449993e-03   1.380827e-04
  1.504092e-01   2.760414e-03   1.375869e-04
  1.505396e-01   2.512322e-03   1.379910e-04
  1.506700e-01   2.393179e-03   1.377640e-04
  1.508004e-01   2.646733e-03   1.377464e-04
  1.509308e-01   2.975661e-03   1.385115e-04
  1.510612e-01   2.418890e-03   1.367433e-04
  1.511916e-01   2.428517e-03   1.376254e-04
  1.513220e-01   2.526904e-03   1.377693e-04
  1.514524e-01   2.764989e-03   1.373679e-04
  1.515828e-01   2.465372e-03   1.380687e-04
  1.517132e-01   2.495310e-03   1.370459e-04
  1.518436e-01   2.429731e-03   1.377274e-04
  1.519740e-01   2.512599e-03   1.376725e-04
  1.521043e-01   2.573831e-03   1.374116e-04
  1.522348e-01   2.254623e-03   1.369847e-04
  1.523651e-01   2.455491e-03   1.375024e-04
  1.524955e-01   2.332535e-03   1.365741e-04
  1.526259e-01   2.458317e-03   1.373722e-04
  1.527563e-01   2.401830e-03   1.366307e-04
  1.528867e-01   2.553613e-03   1.370931e-04
  1.530171e-01   2.410708e-03   1.370380e-04
  1.531475e-01   2.279818e-03   1.360953e-04
  1.532779e-01   2.517954e-03   1.369326e-04
  1.534083e-01   2.521709e-03   1.367695e-04
  1.535387e-01   2.337156e-03   1.362850e-04
  1.536691e-01   2.417583e-03   1.370187e-04
  1.537995e-01   2.252865e-03   1.360206e-04
  1.539299e-01   2.305525e-03   1.360725e-04
  1.540602e-01   2.253850e-03   1.364583e-04
  1.541906e-01   2.549482e-03   1.360421e-04
  1.543210e-01   2.215102e-03   1.360493e-04
  1.544514e-01   2.408939e-03   1.367287e-04
  1.545818e-01   2.511792e-03   1.359169e-04
  1.547122e-01   2.454889e-03   1.364785e-04
  1.548426e-01   2.291689e-03   1.357231e-04
  1.549730e-01   2.276141e-03   1.355416e-04
  1.551034e-01   2.243073e-03   1.365031e-04
  1.552338e-01   2.303092e-03   1.358367e-04
  1.553642e-01   2.263368e-03   1.360029e-04
  1.554946e-01   2.459617e-03   1.358182e-04
  1.556250e-01   2.147017e-03   1.356070e-04
  1.557553e-01   2.157008e-03   1.353484e-04
  1.558857e-01   2.462672e-03   1.360874e-04
  1.560161e-01   2.549469e-03   1.359122e-04
  1.561465e-01   2.371524e-03   1.352995e-04
  1.562769e-01   2.366845e-03   1.355632e-04
  1.564073e-01   2.300132e-03   1.355432e-04
  1.565377e-01   2.257417e-03   1.349372e-04
  1.566681e-01   2.133090e-03   1.356637e-04
  1.567985e-01   2.517569e-03   1.351276e-04
  1.569289e-01   2.295536e-03   1.354503e-04
  1.570593e-01   2.189578e-03   1.348943e-04
  1.571897e-01   1.987312e-03   1.349818e-04
  1.573200e-01   2.061552e-03   1.352389e-04
  1.574504e-01   2.012262e-03   1.346797e-04
  1.575808e-01   2.298087e-03   1.345009e-04
  1.577112e-01   2.185292e-03   1.349824e-04
  1.578416e-01   2.095663e-03   1.341512e-04
  1.579720e-01   2.025447e-03   1.347231e-04
  1.581024e-01   2.503420e-03   1.350358e-04
  1.582328e-01   2.053471e-03   1.346435e-04
  1.583632e-01   2.030513e-03   1.341080e-04
  1.584936e-01   1.712095e-03   1.339561e-04
  1.586240e-01   2.274683e-03   1.342464e-04
  1.587544e-01   1.945404e-03   1.339636e-04
  1.588848e-01   2.089941e-03   1.344243e-04
  1.590152e-01   2.171717e-03   1.341095e-04
  1.591455e-01   1.960851e-03   1.341823e-04
  1.592759e-01   2.119346e-03   1.338412e-04
  1.594063e-01   2.242181e-03   1.342362e-04
  1.595367e-01   2.083602e-03   1.338711e-04
  1.596671e-01   2.140968e-03   1.339707e-04
  1.597975e-01   2.084774e-03   1.340383e-04
  1.599279e-01   2.103940e-03   1.339610e-04
  1.600583e-01   2.063186e-03   1.334004e-04
  1.601887e-01   2.216951e-03   1.341358e-04
  1.603191e-01   2.032124e-03   1.340322e-04
  1.604495e-01   2.244394e-03   1.338674e-04
  1.605799e-01   2.096612e-03   1.334884e-04
  1.607103e-01   1.947888e-03   1.334224e-04
  1.608407e-01   1.988653e-03   1.334087e-04
  1.609711e-01   2.026489e-03   1.336416e-04
  1.611014e-01   1.974347e-03   1.330752e-04
  1.612318e-01   1.869952e-03   1.332503e-04
  1.613622e-01   1.814756e-03   1.328695e-04
  1.614926e-01   1.931652e-03   1.333275e-04
  1.616230e-01   1.821743e-03   1.330105e-04
  1.617534e-01   1.941873e-03   1.329053e-04
  1.618838e-01   1.756739e-03   1.326840e-04
  1.620142e-01   2.104902e-03   1.330150e-04
  1.621446e-01   1.944464e-03   1.322030e-04
  1.622750e-01   1.913251e-03   1.334863e-04
  1.624054e-01   1.867212e-03   1.323948e-04
  1.625358e-01   2.143750e-03   1.330923e-04
  1.626662e-01   2.106398e-03   1.329804e-04
  1.627965e-01   1.894920e-03   1.323095e-04
  1.629269e-01   1.677984e-03   1.323450e-04
  1.630573e-01   1.839969e-03   1.325451e-04
  1.631877e-01   1.793060e-03   1.322644e-04
  1.633181e-01   2.040790e-03   1.326148e-04
  1.634485e-01   2.028294e-03   1.322229e-04
  1.635789e-01   2.008885e-03   1.323335e-04
  1.637093e-01   2.067300e-03   1.323165e-04
  1.638397e-01   1.893282e-03   1.320276e-04
  1.639701e-01   1.872947e-03   1.324455e-04
  1.641005e-01   1.706231e-03   1.316937e-04
  1.642309e-01   2.120319e-03   1.321626e-04
  1.643612e-01   1.964023e-03   1.323740e-04
  1.644916e-01   1.522955e-03   1.313821e-04
  1.646220e-01   1.803492e-03   1.317478e-04
  1.647524e-01   1.705622e-03   1.319764e-04
  1.648828e-01   2.039268e-03   1.318015e-04
  1.650132e-01   1.784479e-03   1.313624e-04
  1.651436e-01   1.727144e-03   1.315308e-04
  1.652740e-01   1.957918e-03   1.319147e-04
  1.654044e-01   1.612812e-03   1.318732e-04
  1.655348e-01   1.778571e-03   1.311182e-04
  1.656652e-01   2.002386e-03   1.317740e-04
  1.657956e-01   2.003391e-03   1.317890e-04
  1.659260e-01   1.910138e-03   1.316824e-04
  1.660563e-01   1.808536e-03   1.319179e-04
  1.661867e-01   1.745692e-03   1.308385e-04
  1.663171e-01   1.810206e-03   1.312360e-04
  1.664475e-01   1.767974e-03   1.315268e-04
  1.665779e-01   1.888191e-03   1.310594e-04
  1.667083e-01   1.935845e-03   1.313311e-04
  1.668387e-01   1.758265e-03   1.315392e-04
  1.669691e-01   1.948118e-03   1.310792e-04
  1.670995e-01   1.512035e-03   1.308671e-04
  1.672299e-01   1.828295e-03   1.305037e-04
  1.673603e-01   1.712062e-03   1.309438e-04
  1.674907e-01   1.876368e-03   1.316929e-04
  1.676211e-01   1.968872e-03   1.305137e-04
  1.677515e-01   1.793476e-03   1.312411e-04
  1.678818e-01   1.623500e-03   1.303787e-04
  1.680122e-01   1.823924e-03   1.305220e-04
  1.681426e-01   1.656392e-03   1.307969e-04
  1.682730e-01   1.763960e-03   1.304791e-04
  1.684034e-01   1.676068e-03   1.303370e-04
  1.685338e-01   1.872561e-03   1.311155e-04
  1.686642e-01   1.624721e-03   1.296483e-04
  1.687946e-01   1.496078e-03   1.307425e-04
  1.689250e-01   1.796297e-03   1.303338e-04
  1.690554e-01   1.753025e-03   1.304942e-04
  1.691858e-01   1.684042e-03   1.303125e-04
  1.693162e-01   1.578766e-03   1.294886e-04
  1.694466e-01   1.469622e-03   1.299187e-04
  1.695770e-01   1.509589e-03   1.300210e-04
  1.697074e-01   1.597364e-03   1.300201e-04
  1.698377e-01   1.510821e-03   1.298265e-04
  1.699681e-01   1.865723e-03   1.297143e-04
  1.700985e-01   1.404045e-03   1.297754e-04
  1.702289e-01   1.730488e-03   1.301279e-04
  1.703593e-01   1.448925e-03   1.295917e-04
  1.704897e-01   1.489188e-03   1.297768e-04
  1.706201e-01   1.538115e-03   1.297417e-04
  1.707505e-01   1.872927e-03   1.297756e-04
  1.708809e-01   1.883124e-03   1.299398e-04
  1.710113e-01   1.606801e-03   1.292520e-04
  1.711417e-01   1.658537e-03   1.299135e-04
  1.712721e-01   1.562597e-03   1.296692e-04
  1.714025e-01   1.689820e-03   1.295884e-04
  1.715328e-01   1.733857e-03   1.295086e-04
  1.716632e-01   1.591096e-03   1.292227e-04
  1.717936e-01   1.501498e-03   1.292595e-04
  1.719240e-01   1.856389e-03   1.294603e-04
  1.720544e-01   1.766571e-03   1.286967e-04
  1.721848e-01   1.468238e-03   1.292207e-04
  1.723152e-01   1.814682e-03   1.294488e-04
  1.724456e-01   1.524976e-03   1.287380e-04
  1.725760e-01   1.551658e-03   1.294175e-04
  1.727064e-01   1.330191e-03   1.287522e-04
  1.728368e-01   1.509068e-03   1.289433e-04
  1.729672e-01   1.474616e-03   1.290822e-04
  1.730975e-01   1.437723e-03   1.284865e-04
  1.732279e-01   1.505282e-03   1.289930e-04
  1.733583e-01   1.774516e-03   1.288444e-04
  1.734887e-01   1.670032e-03   1.285494e-04
  1.736191e-01   1.523973e-03   1.286270e-04
  1.737495e-01   1.368881e-03   1.281328e-04
  1.738799e-01   1.242072e-03   1.281711e-04
  1.740103e-01   1.494276e-03   1.286114e-04
  1.741407e-01   1.425715e-03   1.279230e-04
  1.742711e-01   1.714254e-03   1.289207e-04
  1.744015e-01   1.606808e-03   1.284459e-04
  1.745319e-01   1.603876e-03   1.282511e-04
  1.746623e-01   1.548676e-03   1.285507e-04
  1.747926e-01   1.669183e-03   1.281976e-04
  1.749230e-01   1.601289e-03   1.281084e-04
  1.750534e-01   1.460448e-03   1.282094e-04
  1.751838e-01   1.666340e-03   1.276365e-04
  1.753142e-01   1.363409e-03   1.281793e-04
  1.754446e-01   1.301584e-03   1.278945e-04
  1.755750e-01   1.535561e-03   1.276916e-04
  1.757054e-01   1.322778e-03   1.281526e-04
  1.758358e-01   1.562747e-03   1.276925e-04
  1.759662e-01   1.726381e-03   1.280591e-04
  1.760966e-01   1.299000e-03   1.281054e-04
  1.762270e-01   1.195973e-03   1.273249e-04
  1.763574e-01   1.582918e-03   1.282442e-04
  1.764878e-01   1.496564e-03   1.274430e-04
  1.766182e-01   1.552055e-03   1.278449e-04
  1.767485e-01   1.838697e-03   1.284620e-04
  1.768789e-01   1.591656e-03   1.278427e-04
  1.770093e-01   1.305598e-03   1.274738e-04
  1.771397e-01   1.419062e-03   1.272404e-04
  1.772701e-01   1.721454e-03   1.272882e-04
  1.774005e-01   1.403259e-03   1.275510e-04
  1.775309e-01   1.216840e-03   1.267319e-04
  1.776613e-01   1.362005e-03   1.274670e-04
  1.777917e-01   1.631781e-03   1.280037e-04
  1.779221e-01   1.500675e-03   1.268742e-04
  1.780525e-01   1.429156e-03   1.275129e-04
  1.781829e-01   1.485318e-03   1.276785e-04
  1.783133e-01   1.253236e-03   1.268591e-04
  1.784437e-01   1.536222e-03   1.272494e-04
  1.785740e-01   1.432079e-03   1.265201e-04
  1.787044e-01   1.343382e-03   1.268197e-04
  1.788348e-01   1.514852e-03   1.275948e-04
  1.789652e-01   1.449537e-03   1.265096e-04
  1.790956e-01   1.479722e-03   1.273594e-04
  1.792260e-01   1.419882e-03   1.265122e-04
  1.793564e-01   1.445673e-03   1.263072e-04
  1.794868e-01   1.230628e-03   1.264840e-04
  1.796172e-01   1.393174e-03   1.260747e-04
  1.797476e-01   1.373183e-03   1.267191e-04
  1.798780e-01   1.367808e-03   1.269652e-04
  1.800084e-01   1.235480e-03   1.258256e-04
  1.801387e-01   1.526590e-03   1.268694e-04
  1.802691e-01   1.633729e-03   1.264238e-04
  1.803995e-01   1.314922e-03   1.265790e-04
  1.805299e-01   1.396169e-03   1.266573e-04
  1.806603e-01   1.316501e-03   1.257943e-04
  1.807907e-01   1.309812e-03   1.261933e-04
  1.809211e-01   1.206184e-03   1.261662e-04
  1.810515e-01   1.307679e-03   1.258900e-04
  1.811819e-01   1.479723e-03   1.269843e-04
  1.813123e-01   1.717854e-03   1.258718e-04
  1.814427e-01   1.086336e-03   1.261879e-04
  1.815731e-01   1.265735e-03   1.262323e-04
  1.817035e-01   1.217945e-03   1.254849e-04
  1.818338e-01   1.487008e-03   1.263772e-04
  1.819642e-01   1.193279e-03   1.256794e-04
  1.820946e-01   1.436275e-03   1.266275e-04
  1.822250e-01   1.237827e-03   1.286438e-04
  1.823554e-01   1.503508e-03   1.291071e-04
  1.824858e-01   1.211247e-03   1.298374e-04
  1.826162e-01   1.433290e-03   1.310299e-04
  1.827466e-01   1.244321e-03   1.313108e-04
  1.828770e-01   1.280742e-03   1.321252e-04
  1.830074e-01   1.203157e-03   1.321286e-04
  1.831378e-01   1.350747e-03   1.329732e-04
  1.832682e-01   1.337094e-03   1.337414e-04
  1.833986e-01   1.318467e-03   1.335925e-04
  1.835289e-01   1.303084e-03   1.342081e-04
  1.836593e-01   1.109180e-03   1.350083e-04
  1.837897e-01   1.321418e-03   1.341436e-04
  1.839201e-01   1.243039e-03   1.359208e-04
  1.840505e-01   1.408358e-03   1.355125e-04
  1.841809e-01   1.418613e-03   1.366733e-04
  1.843113e-01   1.053089e-03   1.364446e-04
  1.844417e-01   1.050848e-03   1.360555e-04
  1.845721e-01   1.302468e-03   1.372970e-04
  1.847025e-01   1.364191e-03   1.374360e-04
  1.848329e-01   1.138347e-03   1.368418e-04
  1.849633e-01   9.983794e-04   1.384076e-04
  1.850937e-01   1.053982e-03   1.375227e-04
  1.852241e-01   1.191141e-03   1.388312e-04
  1.853545e-01   1.050669e-03   1.384907e-04
  1.854848e-01   1.029182e-03   1.392837e-04
  1.856152e-01   1.132534e-03   1.397883e-04
  1.857456e-01   1.143891e-03   1.391623e-04
  1.858760e-01   1.082588e-03   1.393191e-04
  1.860064e-01   1.497155e-03   1.408587e-04
  1.861368e-01   1.301831e-03   1.402675e-04
  1.862672e-01   1.220297e-03   1.410304e-04
  1.863976e-01   9.802776e-04   1.414010e-04
  1.865280e-01   1.143297e-03   1.402190e-04
  1.866584e-01   1.145544e-03   1.419241e-04
  1.867888e-01   1.200623e-03   1.417705e-04
  1.869192e-01   1.000121e-03   1.419576e-04
  1.870496e-01   1.199491e-03   1.408475e-04
  1.871800e-01   1.524845e-03   1.379978e-04
  1.873103e-01   1.272971e-03   1.375980e-04
  1.874407e-01   1.311448e-03   1.366710e-04
  1.875711e-01   1.169743e-03   1.360561e-04
  1.877015e-01   1.064138e-03   1.356610e-04
  1.878319e-01   1.180540e-03   1.346533e-04
  1.879623e-01   1.186845e-03   1.348446e-04
  1.880927e-01   1.454008e-03   1.341079e-04
  1.882231e-01   1.029220e-03   1.336911e-04
  1.883535e-01   1.294593e-03   1.334673e-04
  1.884839e-01   1.408929e-03   1.333700e-04
  1.886143e-01   9.422793e-04   1.324809e-04
  1.887447e-01   1.047737e-03   1.320721e-04
  1.888750e-01   1.166404e-03   1.311065e-04
  1.890054e-01   1.395328e-03   1.321285e-04
  1.891358e-01   1.061200e-03   1.313594e-04
  1.892662e-01   1.095658e-03   1.306726e-04
  1.893966e-01   1.019265e-03   1.304277e-04
  1.895270e-01   8.720513e-04   1.299679e-04
  1.896574e-01   9.458891e-04   1.297906e-04
  1.897878e-01   1.221413e-03   1.304769e-04
  1.899182e-01   1.345860e-03   1.296526e-04
  1.900486e-01   1.149220e-03   1.292358e-04
  1.901790e-01   8.784291e-04   1.290349e-04
  1.903094e-01   8.818576e-04   1.283130e-04
  1.904398e-01   9.860396e-04   1.284035e-04
  1.905701e-01   1.111457e-03   1.284909e-04
  1.907005e-01   9.386744e-04   1.281723e-04
  1.908309e-01   1.042518e-03   1.281086e-04
  1.909613e-01   1.290742e-03   1.274395e-04
  1.910917e-01   9.872529e-04   1.276419e-04
  1.912221e-01   1.002973e-03   1.273902e-04
  1.913525e-01   1.233411e-03   1.273203e-04
  1.914829e-01   1.192593e-03   1.273505e-04
  1.916133e-01   1.079707e-03   1.263111e-04
  1.917437e-01   7.759223e-04   1.264499e-04
  1.918741e-01   1.022280e-03   1.267573e-04
  1.920045e-01   1.074054e-03   1.263864e-04
  1.921349e-01   1.055649e-03   1.262871e-04
  1.922652e-01   8.798219e-04   1.258533e-04
  1.923957e-01   1.200725e-03   1.254381e-04
  1.925260e-01   1.227066e-03   1.263864e-04
  1.926564e-01   1.251703e-03   1.253681e-04
  1.927868e-01   1.025634e-03   1.259852e-04
  1.929172e-01   9.671418e-04   1.254018e-04
  1.930476e-01   1.098806e-03   1.248532e-04
  1.931780e-01   1.027302e-03   1.247492e-04
  1.933084e-01   1.043715e-03   1.253361e-04
  1.934388e-01   1.148526e-03   1.252118e-04
  1.935692e-01   1.001880e-03   1.254875e-04
  1.936996e-01   8.958812e-04   1.242891e-04
  1.938300e-01   1.052415e-03   1.250516e-04
  1.939604e-01   9.590383e-04   1.250355e-04
  1.940908e-01   8.701388e-04   1.245021e-04
  1.942211e-01   8.692499e-04   1.247815e-04
  1.943515e-01   8.494289e-04   1.242608e-04
  1.944819e-01   8.131487e-04   1.242350e-04
  1.946123e-01   9.524829e-04   1.245802e-04
  1.947427e-01   8.943340e-04   1.237573e-04
  1.948731e-01   1.062811e-03   1.248457e-04
  1.950035e-01   1.092451e-03   1.247492e-04
  1.951339e-01   9.947745e-04   1.238699e-04
  1.952643e-01   8.527924e-04   1.240239e-04
  1.953947e-01   9.057474e-04   1.237002e-04
  1.955251e-01   1.035870e-03   1.242647e-04
  1.956555e-01   9.112478e-04   1.243941e-04
  1.957859e-01   9.350109e-04   1.235751e-04
  1.959162e-01   9.737775e-04   1.238575e-04
  1.960466e-01   8.718767e-04   1.238784e-04
  1.961770e-01   1.207708e-03   1.236593e-04
  1.963074e-01   8.725236e-04   1.239794e-04
  1.964378e-01   9.520471e-04   1.232247e-04
  1.965682e-01   9.743646e-04   1.235303e-04
  1.966986e-01   8.367126e-04   1.234543e-04
  1.968290e-01   1.027206e-03   1.235189e-04
  1.969594e-01   7.989846e-04   1.234262e-04
  1.970898e-01   7.136274e-04   1.234257e-04
  1.972202e-01   1.167256e-03   1.235300e-04
  1.973506e-01   8.308700e-04   1.233593e-04
  1.974810e-01   8.883552e-04   1.228676e-04
  1.976113e-01   8.517892e-04   1.231240e-04
  1.977417e-01   8.364445e-04   1.237376e-04
  1.978721e-01   7.829927e-04   1.227411e-04
  1.980025e-01   1.064470e-03   1.232257e-04
  1.981329e-01   1.084796e-03   1.230484e-04
  1.982633e-01   9.716974e-04   1.231454e-04
  1.983937e-01   7.175552e-04   1.228702e-04
  1.985241e-01   1.020242e-03   1.228102e-04
  1.986545e-01   9.270467e-04   1.228786e-04
  1.987849e-01   8.034727e-04   1.227354e-04
  1.989153e-01   8.602134e-04   1.224593e-04
  1.990457e-01   8.578225e-04   1.228740e-04
  1.991761e-01   7.836521e-04   1.225862e-04
  1.993064e-01   8.493018e-04   1.228422e-04
  1.994368e-01   9.497916e-04   1.225452e-04
  1.995672e-01   1.033971e-03   1.219426e-04
  1.996976e-01   9.837040e-04   1.226869e-04
  1.998280e-01   9.459073e-04   1.222392e-04
  1.999584e-01   9.285881e-04   1.223946e-04
  2.000888e-01   6.834461e-04   1.222305e-04
  2.002192e-01   9.815191e-04   1.215380e-04
  2.003496e-01   9.458610e-04   1.225536e-04
  2.004800e-01   1.014026e-03   1.224039e-04
  2.006104e-01   8.799550e-04   1.218869e-04
  2.007408e-01   9.813825e-04   1.223977e-04
  2.008712e-01   9.984417e-04   1.225311e-04
  2.010016e-01   9.316568e-04   1.217955e-04
  2.011320e-01   7.715686e-04   1.217344e-04
  2.012623e-01   1.068903e-03   1.219459e-04
  2.013927e-01   9.401349e-04   1.220593e-04
  2.015231e-01   6.363398e-04   1.224513e-04
  2.016535e-01   9.891059e-04   1.212251e-04
  2.017839e-01   1.053491e-03   1.220037e-04
  2.019143e-01   8.496088e-04   1.215731e-04
  2.020447e-01   8.109064e-04   1.218223e-04
  2.021751e-01   9.120323e-04   1.219200e-04
  2.023055e-01   8.571799e-04   1.212049e-04
  2.024359e-01   8.393450e-04   1.214369e-04
  2.025663e-01   9.721978e-04   1.216109e-04
  2.026967e-01   5.737753e-04   1.208769e-04
  2.028271e-01   7.864397e-04   1.217829e-04
  2.029574e-01   7.945834e-04   1.210979e-04
  2.030878e-01   8.952968e-04   1.215494e-04
  2.032182e-01   7.728880e-04   1.212666e-04
  2.033486e-01   9.707268e-04   1.213501e-04
  2.034790e-01   8.082557e-04   1.213664e-04
  2.036094e-01   5.646858e-04   1.212473e-04
  2.037398e-01   7.928414e-04   1.212184e-04
  2.038702e-01   8.837604e-04   1.214149e-04
  2.040006e-01   1.095670e-03   1.207605e-04
  2.041310e-01   7.963941e-04   1.209696e-04
  2.042614e-01   7.582079e-04   1.208355e-04
  2.043918e-01   9.932903e-04   1.206854e-04
  2.045222e-01   8.275231e-04   1.205749e-04
  2.046525e-01   1.034619e-03   1.206977e-04
  2.047829e-01   8.134035e-04   1.201266e-04
  2.049133e-01   7.120663e-04   1.204687e-04
  2.050437e-01   8.613686e-04   1.200301e-04
  2.051741e-01   9.324932e-04   1.205510e-04
  2.053045e-01   7.054904e-04   1.204448e-04
  2.054349e-01   7.795227e-04   1.198813e-04
  2.055653e-01   6.877688e-04   1.202807e-04
  2.056957e-01   5.178208e-04   1.199197e-04
  2.058261e-01   8.915270e-04   1.199081e-04
  2.059565e-01   9.673248e-04   1.206415e-04
  2.060869e-01   8.404357e-04   1.194406e-04
  2.062173e-01   6.771333e-04   1.196658e-04
  2.063476e-01   9.338363e-04   1.202141e-04
  2.064780e-01   9.708142e-04   1.198610e-04
  2.066084e-01   1.030894e-03   1.206580e-04
  2.067388e-01   9.148826e-04   1.194638e-04
  2.068692e-01   7.413447e-04   1.198702e-04
  2.069996e-01   8.154355e-04   1.198079e-04
  2.071300e-01   9.724097e-04   1.195946e-04
  2.072604e-01   9.116892e-04   1.199700e-04
  2.073908e-01   8.335075e-04   1.195529e-04
  2.075212e-01   7.726535e-04   1.192152e-04
  2.076516e-01   6.572548e-04   1.197415e-04
  2.077820e-01   8.243611e-04   1.192771e-04
  2.079124e-01   6.658299e-04   1.194414e-04
  2.080427e-01   7.969527e-04   1.194959e-04
  2.081731e-01   9.715929e-04   1.194347e-04
  2.083035e-01   7.038465e-04   1.192069e-04
  2.084339e-01   8.213761e-04   1.196517e-04
  2.085643e-01   7.279787e-04   1.192424e-04
  2.086947e-01   8.214381e-04   1.200495e-04
  2.088251e-01   7.366271e-04   1.191957e-04
  2.089555e-01   7.631414e-04   1.197699e-04
  2.090859e-01   9.223361e-04   1.194021e-04
  2.092163e-01   8.882335e-04   1.190733e-04
  2.093467e-01   6.713265e-04   1.194125e-04
  2.094771e-01   7.290017e-04   1.192118e-04
  2.096075e-01   6.741572e-04   1.189998e-04
  2.097379e-01   6.602543e-04   1.192978e-04
  2.098683e-01   1.336230e-03   1.193223e-04
  2.099986e-01   5.440272e-04   1.191167e-04
  2.101290e-01   5.871721e-04   1.186986e-04
  2.102594e-01   6.997207e-04   1.186729e-04
  2.103898e-01   9.958777e-04   1.188619e-04
  2.105202e-01   8.195651e-04   1.187045e-04
  2.106506e-01   8.336263e-04   1.188170e-04
  2.107810e-01   8.410380e-04   1.192615e-04
  2.109114e-01   6.719993e-04   1.185266e-04
  2.110418e-01   6.691957e-04   1.184383e-04
  2.111722e-01   7.806302e-04   1.187117e-04
  2.113026e-01   4.825925e-04   1.181471e-04
  2.114330e-01   7.704684e-04   1.190467e-04
  2.115634e-01   6.729054e-04   1.184153e-04
  2.116937e-01   6.490533e-04   1.182670e-04
  2.118241e-01   5.360398e-04   1.184703e-04
  2.119545e-01   8.867965e-04   1.184601e-04
  2.120849e-01   6.506018e-04   1.185205e-04
  2.122153e-01   7.981010e-04   1.181916e-04
  2.123457e-01   5.402670e-04   1.181132e-04
  2.124761e-01   6.483861e-04   1.182256e-04
  2.126065e-01   8.144089e-04   1.180674e-04
  2.127369e-01   7.749224e-04   1.185000e-04
  2.128673e-01   8.606407e-04   1.185313e-04
  2.129977e-01   5.790751e-04   1.184848e-04
  2.131281e-01   8.651719e-04   1.180096e-04
  2.132584e-01   6.607748e-04   1.177991e-04
  2.133888e-01   7.858797e-04   1.180502e-04
  2.135192e-01   7.356451e-04   1.184268e-04
  2.136496e-01   5.582708e-04   1.179233e-04
  2.137800e-01   9.244705e-04   1.176800e-04
  2.139104e-01   7.360999e-04   1.178970e-04
  2.140408e-01   8.853835e-04   1.181595e-04
  2.141712e-01   6.474533e-04   1.183185e-04
  2.143016e-01   9.077822e-04   1.178532e-04
  2.144320e-01   7.199050e-04   1.182065e-04
  2.145624e-01   5.128084e-04   1.174681e-04
  2.146928e-01   9.293630e-04   1.177554e-04
  2.148232e-01   6.313633e-04   1.178018e-04
  2.149536e-01   7.334976e-04   1.176708e-04
  2.150839e-01   7.029571e-04   1.180084e-04
  2.152143e-01   7.391932e-04   1.180042e-04
  2.153447e-01   8.053875e-04   1.165862e-04
  2.154751e-01   7.121973e-04   1.173380e-04
  2.156055e-01   5.456374e-04   1.173033e-04
  2.157359e-01   7.637070e-04   1.172515e-04
  2.158663e-01   6.378960e-04   1.174537e-04
  2.159967e-01   5.689550e-04   1.171356e-04
  2.161271e-01   6.389228e-04   1.171227e-04
  2.162575e-01   6.499324e-04   1.177160e-04
  2.163879e-01   6.678139e-04   1.166540e-04
  2.165183e-01   7.167639e-04   1.174241e-04
  2.166487e-01   6.447266e-04   1.172236e-04
  2.167791e-01   7.925913e-04   1.164693e-04
  2.169094e-01   5.931068e-04   1.169805e-04
  2.170398e-01   6.097123e-04   1.167071e-04
  2.171702e-01   7.439836e-04   1.172237e-04
  2.173006e-01   6.393489e-04   1.173973e-04
  2.174310e-01   6.868284e-04   1.163709e-04
  2.175614e-01   8.061509e-04   1.167589e-04
  2.176918e-01   6.748048e-04   1.169884e-04
  2.178222e-01   7.551125e-04   1.167452e-04
  2.179526e-01   4.994527e-04   1.171804e-04
  2.180830e-01   6.016696e-04   1.161709e-04
  2.182134e-01   8.162784e-04   1.168680e-04
  2.183438e-01   5.051321e-04   1.165476e-04
  2.184742e-01   5.790057e-04   1.164655e-04
  2.186046e-01   7.843760e-04   1.167751e-04
  2.187349e-01   7.564250e-04   1.167572e-04
  2.188653e-01   7.148304e-04   1.163691e-04
  2.189957e-01   8.564369e-04   1.166361e-04
  2.191261e-01   6.146486e-04   1.162731e-04
  2.192565e-01   4.271957e-04   1.166719e-04
  2.193869e-01   4.688778e-04   1.167321e-04
  2.195173e-01   7.511977e-04   1.166242e-04
  2.196477e-01   6.861841e-04   1.162297e-04
  2.197781e-01   6.100077e-04   1.165327e-04
  2.199085e-01   5.120941e-04   1.163510e-04
  2.200389e-01   4.489430e-04   1.164389e-04
  2.201693e-01   4.165426e-04   1.159740e-04
  2.202997e-01   6.571978e-04   1.162737e-04
  2.204300e-01   5.366713e-04   1.159467e-04
  2.205604e-01   6.089725e-04   1.160484e-04
  2.206908e-01   6.480669e-04   1.161322e-04
  2.208212e-01   7.246591e-04   1.158566e-04
  2.209516e-01   4.737479e-04   1.160246e-04
  2.210820e-01   6.507012e-04   1.157184e-04
  2.212124e-01   5.592705e-04   1.153630e-04
  2.213428e-01   7.076889e-04   1.159085e-04
  2.214732e-01   6.940186e-04   1.157326e-04
  2.216036e-01   7.366320e-04   1.158870e-04
  2.217340e-01   4.823748e-04   1.152688e-04
  2.218644e-01   8.244757e-04   1.156076e-04
  2.219947e-01   7.965056e-04   1.158280e-04
  2.221251e-01   8.765876e-04   1.159206e-04
  2.222555e-01   6.471920e-04   1.153244e-04
  2.223859e-01   5.935534e-04   1.158233e-04
  2.225163e-01   6.199692e-04   1.148891e-04
  2.226467e-01   7.062208e-04   1.158462e-04
  2.227771e-01   5.399522e-04   1.153948e-04
  2.229075e-01   5.875409e-04   1.153645e-04
  2.230379e-01   6.974912e-04   1.155859e-04
  2.231683e-01   8.787389e-04   1.154070e-04
  2.232987e-01   6.682484e-04   1.150396e-04
  2.234291e-01   6.160666e-04   1.156893e-04
  2.235595e-01   6.839894e-04   1.152216e-04
  2.236899e-01   4.912286e-04   1.152027e-04
  2.238202e-01   6.609899e-04   1.157637e-04
  2.239506e-01   6.084542e-04   1.146877e-04
  2.240810e-01   4.881821e-04   1.148944e-04
  2.242114e-01   7.142587e-04   1.152526e-04
  2.243418e-01   4.668096e-04   1.149044e-04
  2.244722e-01   6.801519e-04   1.153108e-04
  2.246026e-01   5.460913e-04   1.146849e-04
  2.247330e-01   6.457358e-04   1.153219e-04
  2.248634e-01   5.752847e-04   1.152544e-04
  2.249938e-01   6.338727e-04   1.149509e-04
  2.251242e-01   6.054065e-04   1.150924e-04
  2.252546e-01   4.729874e-04   1.151024e-04
  2.253850e-01   4.583232e-04   1.144378e-04
  2.255154e-01   4.504942e-04   1.148174e-04
  2.256457e-01   6.735666e-04   1.143343e-04
  2.257761e-01   6.459061e-04   1.149410e-04
  2.259065e-01   7.425981e-04   1.149626e-04
  2.260369e-01   8.365825e-04   1.145141e-04
  2.261673e-01   5.933317e-04   1.141657e-04
  2.262977e-01   6.253104e-04   1.146277e-04
  2.264281e-01   7.030789e-04   1.145431e-04
  2.265585e-01   5.037522e-04   1.150462e-04
  2.266889e-01   5.724895e-04   1.140478e-04
  2.268193e-01   7.373376e-04   1.144596e-04
  2.269497e-01   4.860150e-04   1.141321e-04
  2.270801e-01   7.646939e-04   1.146577e-04
  2.272105e-01   6.918423e-04   1.147497e-04
  2.273409e-01   6.923180e-04   1.143211e-04
  2.274712e-01   5.138932e-04   1.136639e-04
  2.276016e-01   5.541968e-04   1.145402e-04
  2.277320e-01   5.175036e-04   1.136543e-04
  2.278624e-01   4.834374e-04   1.142560e-04
  2.279928e-01   4.699479e-04   1.141924e-04
  2.281232e-01   3.882132e-04   1.141081e-04
  2.282536e-01   4.690049e-04   1.137395e-04
  2.283840e-01   4.535271e-04   1.136715e-04
  2.285144e-01   3.273408e-04   1.139594e-04
  2.286448e-01   5.662098e-04   1.142310e-04
  2.287752e-01   5.322957e-04   1.137627e-04
  2.289056e-01   5.609728e-04   1.135322e-04
  2.290359e-01   5.453483e-04   1.137218e-04
  2.291663e-01   4.086814e-04   1.135648e-04
  2.292967e-01   5.855837e-04   1.141586e-04
  2.294271e-01   5.682467e-04   1.136631e-04
  2.295575e-01   4.375502e-04   1.139454e-04
  2.296879e-01   3.530165e-04   1.130286e-04
  2.298183e-01   5.286660e-04   1.136353e-04
  2.299487e-01   6.041402e-04   1.138357e-04
  2.300791e-01   4.958885e-04   1.137601e-04
  2.302095e-01   7.279322e-04   1.140156e-04
  2.303399e-01   5.606666e-04   1.135907e-04
  2.304703e-01   5.650261e-04   1.126434e-04
  2.306007e-01   5.527997e-04   1.139925e-04
  2.307310e-01   7.324504e-04   1.151874e-04
  2.308614e-01   7.507429e-04   1.167702e-04
  2.309918e-01   4.855721e-04   1.170616e-04
  2.311222e-01   5.565476e-04   1.169943e-04
  2.312526e-01   4.954072e-04   1.181651e-04
  2.313830e-01   5.385396e-04   1.193203e-04
  2.315134e-01   6.511987e-04   1.191165e-04
  2.316438e-01   5.804500e-04   1.199456e-04
  2.317742e-01   7.028237e-04   1.196957e-04
  2.319046e-01   6.598291e-04   1.204342e-04
  2.320350e-01   3.482057e-04   1.206439e-04
  2.321654e-01   4.354627e-04   1.204668e-04
  2.322958e-01   3.479213e-04   1.215383e-04
  2.324262e-01   4.943751e-04   1.219345e-04
  2.325566e-01   4.535443e-04   1.209643e-04
  2.326869e-01   6.201557e-04   1.225607e-04
  2.328173e-01   6.479004e-04   1.227213e-04
  2.329477e-01   5.977987e-04   1.228935e-04
  2.330781e-01   8.861519e-04   1.241290e-04
  2.332085e-01   7.979414e-04   1.229590e-04
  2.333389e-01   4.665469e-04   1.233663e-04
  2.334693e-01   5.550314e-04   1.228900e-04
  2.335997e-01   5.400035e-04   1.236913e-04
  2.337301e-01   5.525588e-04   1.234636e-04
  2.338605e-01   5.359514e-04   1.233172e-04
  2.339909e-01   5.469603e-04   1.223724e-04
  2.341213e-01   5.737223e-04   1.236200e-04
  2.342517e-01   6.864402e-04   1.230229e-04
  2.343820e-01   5.234110e-04   1.240063e-04
  2.345124e-01   4.520055e-04   1.235113e-04
  2.346428e-01   6.424495e-04   1.233578e-04
  2.347732e-01   8.254587e-04   1.242883e-04
  2.349036e-01   5.425001e-04   1.233630e-04
  2.350340e-01   5.606858e-04   1.239349e-04
  2.351644e-01   6.079113e-04   1.244003e-04
  2.352948e-01   6.551853e-04   1.239322e-04
  2.354252e-01   5.259072e-04   1.237590e-04
  2.355556e-01   5.916049e-04   1.242315e-04
  2.356860e-01   4.516411e-04   1.244975e-04
  2.358164e-01   5.704757e-04   1.247990e-04
  2.359468e-01   4.151766e-04   1.241463e-04
  2.360772e-01   4.504450e-04   1.246354e-04
  2.362075e-01   4.689745e-04   1.244933e-04
  2.363379e-01   6.280027e-04   1.244030e-04
  2.364683e-01   5.312214e-04   1.247083e-04
  2.365987e-01   6.120911e-04   1.247000e-04
  2.367291e-01   5.669089e-04   1.248315e-04
  2.368595e-01   5.196057e-04   1.248146e-04
  2.369899e-01   5.640640e-04   1.244631e-04
  2.371203e-01   4.472167e-04   1.252777e-04
  2.372507e-01   4.122088e-04   1.248367e-04
  2.373811e-01   4.439179e-04   1.256429e-04
  2.375115e-01   4.679082e-04   1.247460e-04
  2.376419e-01   4.086617e-04   1.251479e-04
  2.377722e-01   7.236873e-04   1.254349e-04
  2.379026e-01   8.042314e-04   1.258364e-04
  2.380330e-01   5.821902e-04   1.248154e-04
  2.381634e-01   4.227994e-04   1.258269e-04
  2.382938e-01   5.238860e-04   1.249015e-04
  2.384242e-01   2.997057e-04   1.253569e-04
  2.385546e-01   4.272966e-04   1.259064e-04
  2.386850e-01   6.546168e-04   1.254703e-04
  2.388154e-01   3.319643e-04   1.259003e-04
  2.389458e-01   7.943327e-04   1.257417e-04
  2.390762e-01   3.301220e-04   1.253544e-04
  2.392066e-01   5.336114e-04   1.260621e-04
  2.393370e-01   5.648285e-04   1.258645e-04
  2.394673e-01   2.837795e-04   1.260080e-04
  2.395977e-01   7.223240e-04   1.266090e-04
  2.397281e-01   6.321537e-04   1.253077e-04
  2.398585e-01   4.799385e-04   1.267863e-04
  2.399889e-01   5.353619e-04   1.261015e-04
  2.401193e-01   1.836470e-04   1.260876e-04
  2.402497e-01   2.581342e-04   1.264135e-04
  2.403801e-01   6.765089e-04   1.263314e-04
  2.405105e-01   4.633577e-04   1.262396e-04
  2.406409e-01   2.300917e-04   1.268125e-04
  2.407713e-01   8.780139e-04   1.266802e-04
  2.409017e-01   5.826873e-04   1.271679e-04
  2.410321e-01   3.865935e-04   1.261118e-04
  2.411625e-01   5.137253e-04   1.267659e-04
  2.412929e-01   3.674564e-04   1.269046e-04
  2.414232e-01   3.294137e-04   1.266494e-04
  2.415536e-01   5.780901e-04   1.268822e-04
  2.416840e-01   4.859912e-04   1.271138e-04
  2.418144e-01   6.045726e-04   1.263882e-04
  2.419448e-01   6.696425e-04   1.272285e-04
  2.420752e-01   7.827886e-04   1.270798e-04
  2.422056e-01   4.252039e-04   1.269108e-04
  2.423360e-01   5.139467e-04   1.276981e-04
  2.424664e-01   3.301435e-04   1.262797e-04
  2.425968e-01   4.352916e-04   1.269747e-04
  2.427272e-01   4.332718e-04   1.267306e-04
  2.428576e-01   4.191429e-04   1.268883e-04
  2.429880e-01   7.443572e-04   1.273720e-04
  2.431183e-01   5.712379e-04   1.276030e-04
  2.432487e-01   5.197302e-04   1.270523e-04
  2.433791e-01   4.630412e-04   1.278665e-04
  2.435095e-01   5.358396e-04   1.268251e-04
  2.436399e-01   6.420310e-04   1.281103e-04
  2.437703e-01   5.520605e-04   1.274033e-04
  2.439007e-01   4.554470e-04   1.273977e-04
  2.440311e-01   3.401322e-04   1.274154e-04
  2.441615e-01   6.640468e-04   1.278679e-04
  2.442919e-01   6.084343e-04   1.274771e-04
  2.444223e-01   1.883384e-04   1.280887e-04
  2.445527e-01   4.335886e-04   1.270285e-04
  2.446831e-01   3.854494e-04   1.280141e-04
  2.448134e-01   4.327377e-04   1.273429e-04
  2.449438e-01   6.792806e-04   1.279841e-04
  2.450742e-01   5.168544e-04   1.281114e-04
  2.452046e-01   4.060326e-04   1.277721e-04
  2.453350e-01   3.809892e-04   1.283649e-04
  2.454654e-01   4.396629e-04   1.279955e-04
  2.455958e-01   5.537845e-04   1.276103e-04
  2.457262e-01   3.688266e-04   1.282389e-04
  2.458566e-01   5.396029e-04   1.278681e-04
  2.459870e-01   3.613404e-04   1.280127e-04
  2.461174e-01   5.509111e-04   1.283987e-04
  2.462478e-01   4.228798e-04   1.278208e-04
  2.463782e-01   4.147115e-04   1.289091e-04
  2.465085e-01   5.769590e-04   1.285274e-04
  2.466389e-01   7.803439e-04   1.287201e-04
  2.467693e-01   3.881206e-04   1.284679e-04
  2.468997e-01   4.550482e-04   1.275805e-04
  2.470301e-01   5.924149e-04   1.284005e-04
  2.471605e-01   3.594751e-04   1.287471e-04
  2.472909e-01   4.599788e-04   1.276781e-04
  2.474213e-01   5.025062e-04   1.290793e-04
  2.475517e-01   4.016847e-04   1.279605e-04
  2.476821e-01   2.448692e-04   1.278640e-04
  2.478125e-01   4.174487e-04   1.287473e-04
  2.479429e-01   6.225702e-04   1.285630e-04
  2.480733e-01   3.219790e-04   1.283796e-04
  2.482036e-01   4.824698e-04   1.293729e-04
  2.483341e-01   6.395155e-04   1.281437e-04
  2.484644e-01   5.105105e-04   1.289937e-04
  2.485948e-01   5.524411e-04   1.284919e-04
  2.487252e-01   4.909126e-04   1.287624e-04
  2.488556e-01   4.461373e-04   1.289107e-04
  2.489860e-01   5.957212e-04   1.284826e-04
  2.491164e-01   4.006131e-04   1.288592e-04
  2.492468e-01   4.298994e-04   1.286320e-04
  2.493772e-01   3.965815e-04   1.285868e-04
  2.495076e-01   2.420187e-04   1.292133e-04
  2.496380e-01   5.511071e-04   1.293188e-04
  2.497684e-01   3.644854e-04   1.285448e-04
  2.498988e-01   4.422080e-04   1.296723e-04
  2.500291e-01   5.618437e-04   1.285334e-04
  2.501595e-01   4.951673e-04   1.299840e-04
  2.502899e-01   4.468428e-04   1.287214e-04
  2.504203e-01   3.679478e-04   1.289052e-04
  2.505507e-01   3.101808e-04   1.288504e-04
  2.506811e-01   6.505548e-04   1.290030e-04
  2.508115e-01   2.087431e-04   1.291633e-04
  2.509419e-01   4.867377e-04   1.299606e-04
  2.510723e-01   3.669805e-04   1.285966e-04
  2.512027e-01   5.408905e-04   1.295440e-04
  2.513331e-01   6.291085e-04   1.294394e-04
  2.514635e-01   5.207874e-04   1.296468e-04
  2.515939e-01   3.052557e-04   1.296062e-04
  2.517242e-01   4.222645e-04   1.291755e-04
  2.518546e-01   2.714257e-04   1.290566e-04
  2.519850e-01   6.974494e-04   1.300075e-04
  2.521154e-01   4.843105e-04   1.294059e-04
  2.522458e-01   4.044234e-04   1.293612e-04
  2.523762e-01   5.707330e-04   1.296235e-04
  2.525066e-01   4.492122e-04   1.297559e-04
  2.526370e-01   4.079830e-04   1.298765e-04
  2.527674e-01   7.595113e-04   1.291437e-04
  2.528978e-01   5.062218e-04   1.301907e-04
  2.530282e-01   3.578494e-04   1.296708e-04
  2.531586e-01   3.572231e-04   1.293462e-04
  2.532890e-01   2.183214e-04   1.292671e-04
  2.534193e-01   5.353018e-04   1.292903e-04
  2.535498e-01   5.030925e-04   1.298911e-04
  2.536801e-01   5.707083e-04   1.303528e-04
  2.538105e-01   5.182618e-04   1.292495e-04
  2.539409e-01   3.146835e-04   1.300812e-04
  2.540713e-01   4.195626e-04   1.289708e-04
  2.542017e-01   3.074508e-04   1.299392e-04
  2.543321e-01   5.636590e-04   1.300873e-04
  2.544625e-01   3.949855e-04   1.299881e-04
  2.545929e-01   2.835897e-04   1.300060e-04
  2.547233e-01   5.214879e-04   1.303183e-04
  2.548537e-01   3.850585e-04   1.292984e-04
  2.549841e-01   5.392114e-04   1.308936e-04
  2.551145e-01   3.467150e-04   1.295246e-04
  2.552449e-01   4.000573e-04   1.300960e-04
  2.553752e-01   5.574088e-04   1.297411e-04
  2.555056e-01   3.123943e-04   1.289598e-04
  2.556360e-01   5.033023e-04   1.294166e-04
  2.557664e-01   4.789901e-04   1.311157e-04
  2.558968e-01   2.292556e-04   1.331908e-04
  2.560272e-01   4.749529e-04   1.352256e-04
  2.561576e-01   5.404532e-04   1.351607e-04
  2.562880e-01   5.212986e-04   1.368166e-04
  2.564184e-01   5.632487e-04   1.378089e-04
  2.565488e-01   3.594490e-04   1.379496e-04
  2.566792e-01   2.944956e-04   1.396890e-04
  2.568096e-01   5.545380e-04   1.390435e-04
  2.569399e-01   1.416559e-04   1.400505e-04
  2.570704e-01   3.185756e-04   1.410885e-04
  2.572007e-01   1.571442e-04   1.421997e-04
  2.573311e-01   3.820033e-04   1.423151e-04
  2.574615e-01   4.131678e-04   1.440031e-04
  2.575919e-01   4.109745e-04   1.429111e-04
  2.577223e-01   4.092978e-04   1.447565e-04
  2.578527e-01   2.856765e-04   1.440711e-04
  2.579831e-01   2.697166e-04   1.457569e-04
  2.581135e-01   4.904767e-04   1.466945e-04
  2.582439e-01   3.700325e-04   1.467266e-04
  2.583743e-01   3.303850e-04   1.470177e-04
  2.585047e-01   2.137659e-04   1.482279e-04
  2.586351e-01   5.623991e-04   1.484476e-04
  2.587655e-01   5.205808e-04   1.498374e-04
  2.588958e-01   5.064707e-04   1.495123e-04
  2.590262e-01   3.467307e-04   1.493840e-04
  2.591566e-01   4.133337e-04   1.511156e-04
  2.592870e-01   3.759611e-04   1.512402e-04
  2.594174e-01   5.819088e-04   1.511160e-04
  2.595478e-01   6.599651e-04   1.530669e-04
  2.596782e-01   2.642215e-04   1.527344e-04
  2.598086e-01   4.502186e-04   1.531513e-04
  2.599390e-01   2.966343e-04   1.538177e-04
  2.600694e-01   5.783391e-04   1.539191e-04
  2.601998e-01   3.649742e-04   1.553910e-04
  2.603302e-01   1.002594e-04   1.544960e-04
  2.604606e-01   2.154605e-04   1.543662e-04
  2.605909e-01   5.968668e-04   1.554470e-04
  2.607213e-01   3.899402e-04   1.558554e-04
  2.608517e-01   5.687559e-04   1.554173e-04
  2.609821e-01   1.525981e-04   1.566949e-04
  2.611125e-01   1.190983e-04   1.552280e-04
  2.612429e-01   5.398539e-04   1.566899e-04
  2.613733e-01   5.472291e-04   1.573367e-04
  2.615037e-01   3.081969e-04   1.573630e-04
  2.616341e-01   4.065614e-04   1.578695e-04
  2.617645e-01   3.378317e-04   1.581934e-04
  2.618949e-01   2.736785e-04   1.571946e-04
  2.620253e-01   6.217257e-04   1.582168e-04
  2.621557e-01   2.069197e-04   1.581406e-04
  2.622860e-01   3.490923e-04   1.596939e-04
  2.624164e-01   5.161516e-04   1.585025e-04
  2.625468e-01   2.487615e-04   1.584604e-04
  2.626772e-01   5.651356e-04   1.597817e-04
  2.628076e-01   4.927805e-04   1.599287e-04
  2.629380e-01   4.360153e-04   1.608377e-04
  2.630684e-01   5.629064e-04   1.598588e-04
  2.631988e-01   2.386578e-04   1.613751e-04
  2.633292e-01   3.616178e-04   1.599471e-04
  2.634596e-01   1.486997e-04   1.609658e-04
  2.635900e-01   7.054580e-04   1.615159e-04
  2.637204e-01   3.942539e-04   1.617547e-04
  2.638508e-01   3.413975e-04   1.621063e-04
  2.639811e-01   6.701988e-05   1.617551e-04
  2.641115e-01   5.803538e-05   1.604230e-04
  2.642419e-01   4.958326e-04   1.632605e-04
  2.643723e-01   2.513722e-04   1.621635e-04
  2.645027e-01   2.195852e-04   1.634770e-04
  2.646331e-01   7.575708e-04   1.632822e-04
  2.647635e-01   3.201868e-04   1.625891e-04
  2.648939e-01   2.203626e-04   1.634411e-04
  2.650243e-01   6.710063e-04   1.644982e-04
  2.651547e-01   2.589945e-04   1.637559e-04
  2.652851e-01   4.549167e-04   1.654207e-04
  2.654155e-01   4.098321e-04   1.640516e-04
  2.655459e-01   2.487098e-04   1.645407e-04
  2.656763e-01   4.699572e-04   1.655094e-04
  2.658066e-01   6.414434e-04   1.652161e-04
  2.659370e-01   6.521597e-04   1.673470e-04
  2.660674e-01   5.215126e-04   1.650241e-04
  2.661978e-01   5.081002e-04   1.661731e-04
  2.663282e-01  -5.747441e-05   1.659658e-04
  2.664586e-01   6.354507e-04   1.667209e-04
  2.665890e-01   6.708967e-04   1.677505e-04
  2.667194e-01   4.793222e-04   1.675309e-04
  2.668498e-01   2.172039e-04   1.668991e-04
  2.669802e-01   4.108156e-04   1.680671e-04
  2.671106e-01   5.990980e-04   1.662160e-04
  2.672410e-01   4.878796e-04   1.692980e-04
  2.673714e-01   3.218633e-04   1.691093e-04
  2.675017e-01   2.333544e-05   1.673097e-04
  2.676321e-01   3.647596e-04   1.682289e-04
  2.677625e-01   1.017360e-05   1.686283e-04
  2.678929e-01  -9.882878e-07   1.686908e-04
  2.680233e-01   2.789372e-04   1.711748e-04
  2.681537e-01   5.155623e-04   1.683562e-04
  2.682841e-01   2.535946e-04   1.700861e-04
  2.684145e-01   6.601749e-04   1.709796e-04
  2.685449e-01   1.731610e-04   1.690635e-04
  2.686753e-01   4.419312e-04   1.708939e-04
  2.688057e-01   3.907395e-04   1.707367e-04
  2.689361e-01   4.712207e-04   1.714622e-04
  2.690665e-01   5.597693e-04   1.716742e-04
  2.691968e-01   2.555081e-04   1.707234e-04
  2.693272e-01   6.456085e-04   1.726788e-04
  2.694576e-01   3.899044e-04   1.732713e-04
  2.695880e-01   1.420267e-04   1.710962e-04
  2.697184e-01   2.898450e-04   1.728203e-04
  2.698488e-01   5.083414e-04   1.719856e-04
  2.699792e-01   2.527758e-04   1.729233e-04
  2.701096e-01   4.079495e-04   1.745992e-04
  2.702400e-01   7.112148e-04   1.729878e-04
  2.703704e-01   2.881107e-04   1.738097e-04
  2.705008e-01   3.063686e-04   1.740870e-04
  2.706312e-01   4.345052e-04   1.737078e-04
  2.707616e-01   2.132741e-04   1.751995e-04
  2.708919e-01   2.088352e-04   1.735133e-04
  2.710224e-01   1.952800e-04   1.753720e-04
  2.711527e-01   4.152795e-04   1.756808e-04
  2.712831e-01   3.025654e-04   1.748414e-04
  2.714135e-01   1.914599e-04   1.759156e-04
  2.715439e-01   7.551275e-05   1.754376e-04
  2.716743e-01   1.331241e-04   1.759680e-04
  2.718047e-01   1.114663e-04   1.770355e-04
  2.719351e-01   3.884504e-04   1.739182e-04
  2.720655e-01   5.112876e-04   1.767388e-04
  2.721959e-01   3.110177e-04   1.770477e-04
  2.723263e-01   2.509670e-05   1.755706e-04
  2.724567e-01   4.526970e-04   1.778874e-04
  2.725871e-01   1.701311e-04   1.760046e-04
  2.727174e-01   1.865675e-04   1.768748e-04
  2.728478e-01   2.478462e-04   1.781721e-04
  2.729782e-01   4.103621e-04   1.768512e-04
  2.731086e-01   3.398332e-04   1.787711e-04
  2.732390e-01   1.523318e-04   1.784247e-04
  2.733694e-01   3.920249e-04   1.766856e-04
  2.734998e-01   2.907329e-04   1.800600e-04
  2.736302e-01   4.237388e-04   1.779587e-04
  2.737606e-01   4.656247e-04   1.804226e-04
  2.738910e-01   3.245877e-04   1.804487e-04
  2.740214e-01   1.191746e-04   1.774407e-04
  2.741518e-01   2.125359e-04   1.799605e-04
  2.742822e-01   1.655852e-04   1.797272e-04
  2.744125e-01   4.427636e-04   1.802548e-04
  2.745430e-01   3.826494e-04   1.824957e-04
  2.746733e-01   3.713261e-04   1.794978e-04
  2.748037e-01   5.681309e-04   1.820107e-04
  2.749341e-01   1.732656e-04   1.812021e-04
  2.750645e-01   3.498931e-04   1.811814e-04
  2.751949e-01   2.715380e-04   1.836085e-04
  2.753253e-01   2.866171e-04   1.814725e-04
  2.754557e-01   1.400196e-04   1.816700e-04
  2.755861e-01  -1.561348e-05   1.835341e-04
  2.757165e-01   5.181303e-04   1.811270e-04
  2.758469e-01   4.327145e-04   1.842706e-04
  2.759773e-01   3.082093e-04   1.839125e-04
  2.761077e-01   4.412154e-04   1.829122e-04
  2.762381e-01   1.159035e-05   1.835095e-04
  2.763684e-01   1.575850e-04   1.829136e-04
  2.764988e-01   2.966507e-04   1.850143e-04
  2.766292e-01   4.883986e-04   1.858314e-04
  2.767596e-01   5.416902e-04   1.839347e-04
  2.768900e-01   1.681153e-04   1.847071e-04
  2.770204e-01   2.950155e-04   1.855441e-04
  2.771508e-01   3.130777e-04   1.848820e-04
  2.772812e-01   2.727105e-04   1.875787e-04
  2.774116e-01   6.421441e-04   1.856176e-04
  2.775420e-01   4.355871e-04   1.863325e-04
  2.776724e-01   7.041152e-04   1.870904e-04
  2.778028e-01   3.205908e-04   1.859669e-04
  2.779332e-01   2.196076e-04   1.879026e-04
  2.780635e-01   1.539420e-04   1.867077e-04
  2.781939e-01   2.318308e-04   1.869291e-04
  2.783243e-01   4.683210e-04   1.896138e-04
  2.784547e-01   5.634455e-04   1.863195e-04
  2.785851e-01   6.582440e-04   1.890221e-04
  2.787155e-01   3.269570e-04   1.891346e-04
  2.788459e-01   2.782557e-04   1.883546e-04
  2.789763e-01   4.972547e-04   1.897824e-04
  2.791067e-01   3.400781e-04   1.883472e-04
  2.792371e-01   3.701052e-04   1.893144e-04
  2.793675e-01   3.227351e-04   1.922822e-04
  2.794979e-01   5.940813e-04   1.880983e-04
  2.796283e-01   5.848214e-04   1.922007e-04
  2.797586e-01  -8.144973e-05   1.883916e-04
  2.798890e-01   2.177091e-04   1.904635e-04
  2.800194e-01   4.135435e-04   1.933567e-04
  2.801498e-01   4.177160e-04   1.897667e-04
  2.802802e-01   1.027363e-05   1.920146e-04
  2.804106e-01   6.798718e-04   1.937592e-04
  2.805410e-01   1.726325e-04   1.900096e-04
  2.806714e-01   4.174262e-04   1.932704e-04
  2.808018e-01   3.332956e-04   1.923154e-04
  2.809322e-01   4.300604e-04   1.932113e-04
  2.810626e-01   4.817602e-04   1.949546e-04
  2.811930e-01   2.646859e-04   1.905979e-04
  2.813234e-01   1.080547e-04   1.939577e-04
  2.814538e-01   3.813045e-04   1.942768e-04
  2.815841e-01   2.815495e-04   1.944160e-04
  2.817145e-01   1.837515e-05   1.957835e-04
  2.818449e-01   2.908502e-04   1.930200e-04
  2.819753e-01  -5.727932e-05   1.949074e-04
  2.821057e-01   5.255818e-04   1.973062e-04
  2.822361e-01  -3.160848e-05   1.934629e-04
  2.823665e-01   4.571447e-04   1.975437e-04
  2.824969e-01   5.946520e-04   1.966073e-04
  2.826273e-01   2.378762e-04   1.948863e-04
  2.827577e-01   2.073772e-04   1.972205e-04
  2.828881e-01   1.828063e-04   1.954735e-04
  2.830185e-01   2.722484e-04   1.984874e-04
  2.831489e-01   4.789833e-05   1.984334e-04
  2.832792e-01   5.195902e-04   1.962550e-04
  2.834096e-01   1.426311e-04   1.983670e-04
  2.835400e-01   2.090806e-05   1.977170e-04
  2.836704e-01   3.246215e-05   1.978063e-04
  2.838008e-01   1.121087e-04   2.015094e-04
  2.839312e-01   3.479920e-04   1.972408e-04
  2.840616e-01   7.524081e-04   1.996108e-04
  2.841920e-01   3.895503e-04   1.996854e-04
  2.843224e-01   2.767755e-04   1.993601e-04
  2.844528e-01   1.297242e-05   2.010622e-04
  2.845832e-01   2.876417e-04   2.005289e-04
  2.847136e-01   4.856186e-04   2.003358e-04
  2.848440e-01   1.638953e-04   2.026787e-04
  2.849743e-01   5.657535e-04   1.996052e-04
  2.851047e-01   3.999419e-04   2.039921e-04
  2.852351e-01   5.499475e-04   2.006547e-04
  2.853655e-01   3.025196e-04   2.019282e-04
  2.854959e-01   5.162097e-04   2.035486e-04
  2.856263e-01   2.544013e-04   2.017512e-04
  2.857567e-01   4.196139e-04   2.038393e-04
  2.858871e-01   4.491668e-04   2.052553e-04
  2.860175e-01   8.932302e-05   2.015799e-04
  2.861479e-01   5.396054e-04   2.057350e-04
  2.862783e-01   5.362723e-04   2.035412e-04
  2.864087e-01   1.927902e-05   2.042409e-04
  2.865391e-01   1.268643e-04   2.076092e-04
  2.866694e-01   2.592381e-04   2.029589e-04
  2.867998e-01   3.736786e-04   2.072692e-04
  2.869302e-01   3.524594e-04   2.054221e-04
  2.870606e-01   2.552213e-04   2.055785e-04
  2.871910e-01   2.320746e-04   2.080742e-04
  2.873214e-01   5.665744e-04   2.056923e-04
  2.874518e-01   5.557864e-04   2.069459e-04
  2.875822e-01   5.986655e-04   2.098437e-04
  2.877126e-01   8.560637e-04   2.060729e-04
  2.878430e-01   3.688336e-04   2.087130e-04
  2.879734e-01   2.850305e-04   2.078120e-04
  2.881038e-01   1.635214e-04   2.078200e-04
  2.882342e-01  -4.317309e-05   2.091894e-04
  2.883645e-01   4.422815e-04   2.080644e-04
  2.884949e-01   9.147672e-05   2.095128e-04
  2.886253e-01   4.215623e-04   2.113813e-04
  2.887557e-01   1.770074e-04   2.076543e-04
  2.888861e-01   1.802154e-04   2.114926e-04
  2.890165e-01   3.974269e-04   2.094713e-04
  2.891469e-01   2.621212e-04   2.109476e-04
  2.892773e-01   1.346101e-04   2.123837e-04
  2.894077e-01   1.607308e-04   2.089536e-04
  2.895381e-01   1.898613e-04   2.126909e-04
  2.896685e-01   1.135506e-04   2.118530e-04
  2.897989e-01   1.338822e-04   2.118758e-04
  2.899293e-01   2.066871e-04   2.132103e-04
  2.900597e-01   1.326387e-04   2.116727e-04
  2.901900e-01   3.284541e-04   2.142054e-04
  2.903204e-01   4.770163e-04   2.170948e-04
  2.904508e-01   2.230369e-04   2.114313e-04
  2.905812e-01   2.369224e-04   2.163563e-04
  2.907116e-01   5.239481e-04   2.144653e-04
  2.908420e-01   2.373308e-04   2.145592e-04
  2.909724e-01   6.452901e-05   2.168878e-04
  2.911028e-01   5.590009e-05   2.137842e-04
  2.912332e-01   1.664179e-04   2.164980e-04
  2.913636e-01   4.823933e-04   2.178740e-04
  2.914940e-01   3.037128e-04   2.148450e-04
  2.916244e-01  -4.151038e-05   2.180946e-04
  2.917548e-01   6.648734e-04   2.163631e-04
  2.918851e-01   5.560019e-04   2.189675e-04
  2.920156e-01   2.270545e-04   2.187850e-04
  2.921459e-01   2.728400e-04   2.157028e-04
  2.922763e-01   1.410561e-04   2.202543e-04
  2.924067e-01   2.269489e-04   2.189238e-04
  2.925371e-01   1.802634e-04   2.177785e-04
  2.926675e-01   2.811094e-04   2.209271e-04
  2.927979e-01   2.824481e-05   2.180981e-04
  2.929283e-01   1.286558e-04   2.201093e-04
  2.930587e-01   1.900617e-04   2.234107e-04
  2.931891e-01   2.151617e-04   2.170955e-04
  2.933195e-01   2.868450e-04   2.238708e-04
  2.934499e-01   9.897144e-05   2.204338e-04
  2.935803e-01   3.586471e-04   2.229274e-04
  2.937107e-01   1.718283e-04   2.232084e-04
  2.938410e-01   1.399313e-04   2.201940e-04
  2.939714e-01   2.239291e-04   2.235466e-04
  2.941018e-01   1.671676e-04   2.253087e-04
  2.942322e-01   4.606336e-04   2.195913e-04
  2.943626e-01   1.726030e-04   2.254743e-04
  2.944930e-01   5.977089e-04   2.218760e-04
  2.946234e-01   6.651684e-04   2.247821e-04
  2.947538e-01   1.685959e-04   2.238892e-04
  2.948842e-01   1.594674e-04   2.216686e-04
  2.950146e-01   3.118225e-04   2.236749e-04
  2.951450e-01   5.045912e-05   2.241188e-04
  2.952754e-01   3.489107e-04   2.222780e-04
  2.954058e-01   4.690720e-04   2.249564e-04
  2.955361e-01   5.468945e-04   2.220565e-04
  2.956665e-01   2.657789e-04   2.250312e-04
  2.957969e-01   2.776817e-04   2.259514e-04
  2.959273e-01   3.531825e-04   2.208165e-04
  2.960577e-01   3.657132e-04   2.257526e-04
  2.961881e-01   5.946334e-04   2.231407e-04
  2.963185e-01   2.143013e-04   2.244961e-04
  2.964489e-01   3.061030e-04   2.257853e-04
  2.965793e-01   8.142177e-05   2.226319e-04
  2.967097e-01  -1.590439e-04   2.231253e-04
  2.968401e-01   1.997417e-04   2.258410e-04
  2.969705e-01   2.458564e-04   2.229187e-04
  2.971009e-01   1.488349e-04   2.266786e-04
  2.972313e-01   1.564085e-04   2.232638e-04
  2.973616e-01   3.431520e-04   2.264235e-04
  2.974920e-01   4.330600e-04   2.283064e-04
  2.976224e-01  -8.555397e-05   2.245287e-04
  2.977528e-01  -1.576306e-05   2.267649e-04
  2.978832e-01   5.218212e-04   2.284590e-04
  2.980136e-01   2.808410e-04   2.259915e-04
  2.981440e-01  -2.307666e-04   2.295087e-04
  2.982744e-01  -3.155925e-05   2.253903e-04
  2.984048e-01   4.759112e-04   2.290806e-04
  2.985352e-01   1.717631e-04   2.314840e-04
  2.986656e-01   3.808105e-04   2.258068e-04
  2.987960e-01  -2.204158e-06   2.312223e-04
  2.989264e-01   3.283832e-04   2.291767e-04
  2.990567e-01   3.953190e-05   2.305872e-04
  2.991871e-01  -8.828060e-06   2.327849e-04
  2.993175e-01   1.037979e-05   2.278567e-04
  2.994479e-01   3.767066e-04   2.327245e-04
  2.995783e-01   3.612893e-04   2.330757e-04
  2.997087e-01   6.505543e-04   2.300889e-04
  2.998391e-01   7.111980e-04   2.360351e-04
  2.999695e-01   4.018411e-04   2.303840e-04
  3.000999e-01   1.192873e-04   2.345944e-04
  3.002303e-01   6.937689e-04   2.379898e-04
  3.003607e-01  -1.715913e-04   2.303517e-04
  3.004911e-01  -1.238657e-05   2.348761e-04
  3.006215e-01  -3.788478e-05   2.353265e-04
  3.007518e-01   6.223478e-04   2.345428e-04
  3.008822e-01   2.019924e-04   2.389574e-04
  3.010126e-01  -1.889824e-04   2.325432e-04
  3.011430e-01   8.911114e-04   2.387313e-04
  3.012734e-01   4.239278e-04   2.409618e-04
  3.014038e-01   8.416894e-05   2.328411e-04
  3.015342e-01   5.669422e-04   2.398900e-04
  3.016646e-01   1.812480e-04   2.370393e-04
  3.017950e-01   5.745962e-04   2.393804e-04
  3.019254e-01   3.737659e-04   2.401858e-04
  3.020558e-01   6.407381e-05   2.376768e-04
  3.021862e-01   1.350256e-04   2.410027e-04
  3.023166e-01  -6.991774e-05   2.413139e-04
  3.024469e-01   3.612693e-04   2.386066e-04
  3.025773e-01   3.215367e-04   2.447270e-04
  3.027077e-01   4.629653e-04   2.387694e-04
  3.028381e-01   2.863698e-06   2.435780e-04
  3.029685e-01   2.065587e-04   2.444411e-04
  3.030989e-01   1.402974e-04   2.400120e-04
  3.032293e-01   1.542038e-04   2.436868e-04
  3.033597e-01   3.796106e-04   2.446911e-04
  3.034901e-01   5.477170e-04   2.425523e-04
  3.036205e-01   4.601595e-04   2.486954e-04
  3.037509e-01   1.141517e-04   2.406332e-04
  3.038813e-01   1.794978e-04   2.466687e-04
  3.040117e-01   2.282613e-04   2.475120e-04
  3.041420e-01   4.038810e-04   2.439292e-04
  3.042724e-01   3.460981e-04   2.482783e-04
  3.044028e-01   8.511377e-04   2.470586e-04
  3.045332e-01   3.207387e-04   2.471091e-04
  3.046636e-01   1.937897e-04   2.521635e-04
  3.047940e-01  -3.481832e-06   2.455108e-04
  3.049244e-01  -2.026404e-04   2.494951e-04
  3.050548e-01   2.791508e-04   2.498165e-04
  3.051852e-01   9.953149e-05   2.483885e-04
  3.053156e-01   7.188659e-05   2.520166e-04
  3.054460e-01   3.464097e-04   2.481220e-04
  3.055764e-01   1.453149e-04   2.517370e-04
  3.057068e-01   4.255442e-04   2.566615e-04
  3.058372e-01   2.366333e-04   2.484221e-04
  3.059675e-01   2.848698e-05   2.531212e-04
  3.060979e-01   2.590004e-04   2.527354e-04
  3.062283e-01   1.594932e-04   2.521843e-04
  3.063587e-01   2.089476e-04   2.572005e-04
  3.064891e-01   3.107293e-04   2.509330e-04
  3.066195e-01   3.443704e-04   2.570236e-04
  3.067499e-01   3.134241e-05   2.578570e-04
  3.068803e-01   5.569627e-04   2.532581e-04
  3.070107e-01   5.749917e-04   2.581850e-04
  3.071411e-01   2.055810e-05   2.546818e-04
  3.072715e-01   9.384694e-07   2.567999e-04
  3.074019e-01  -2.139464e-04   2.607285e-04
  3.075323e-01   2.680517e-04   2.538685e-04
  3.076626e-01   1.836108e-04   2.615099e-04
  3.077930e-01   5.300070e-04   2.596069e-04
  3.079234e-01   6.614662e-04   2.601971e-04
  3.080538e-01  -6.081555e-05   2.615046e-04
  3.081842e-01   1.624146e-04   2.581868e-04
  3.083146e-01   4.606567e-04   2.619641e-04
  3.084450e-01   4.619457e-04   2.656512e-04
  3.085754e-01   7.807228e-04   2.567480e-04
  3.087058e-01   6.923297e-04   2.673102e-04
  3.088362e-01   5.481671e-04   2.620246e-04
  3.089666e-01   2.870272e-04   2.637946e-04
  3.090970e-01   3.999002e-04   2.678396e-04
  3.092274e-01   3.000550e-04   2.621167e-04
  3.093577e-01   5.588616e-04   2.678544e-04
  3.094882e-01  -3.388145e-05   2.684703e-04
  3.096185e-01   2.300417e-04   2.621500e-04
  3.097489e-01  -1.360893e-04   2.692101e-04
  3.098793e-01   2.324261e-04   2.658473e-04
  3.100097e-01   1.822915e-04   2.689932e-04
  3.101401e-01   2.174058e-04   2.724403e-04
  3.102705e-01  -3.833943e-05   2.646032e-04
  3.104009e-01   6.004429e-04   2.727268e-04
  3.105313e-01   3.760243e-05   2.711958e-04
  3.106617e-01   6.395223e-04   2.691631e-04
  3.107921e-01   7.424720e-05   2.746325e-04
  3.109225e-01   3.187075e-04   2.696134e-04
  3.110529e-01   2.434745e-04   2.737898e-04
  3.111833e-01   1.744758e-04   2.779970e-04
  3.113136e-01   8.629101e-04   2.717056e-04
  3.114440e-01   5.093521e-04   2.782340e-04
  3.115744e-01   1.659549e-04   2.743498e-04
  3.117048e-01  -2.693249e-05   2.730042e-04
  3.118352e-01   3.766056e-04   2.822505e-04
  3.119656e-01   2.652668e-04   2.726277e-04
  3.120960e-01   2.095583e-04   2.784413e-04
  3.122264e-01   4.239461e-04   2.799902e-04
  3.123568e-01   4.622941e-04   2.752422e-04
  3.124872e-01   4.411814e-04   2.848332e-04
  3.126176e-01  -2.652498e-04   2.750294e-04
  3.127480e-01   3.376336e-04   2.797996e-04
  3.128784e-01   5.236399e-04   2.883277e-04
  3.130087e-01  -3.294806e-05   2.742758e-04
  3.131391e-01   9.567339e-04   2.869094e-04
  3.132695e-01  -8.393394e-05   2.825922e-04
  3.133999e-01   2.712335e-04   2.819607e-04
  3.135303e-01   6.098562e-04   2.914114e-04
  3.136607e-01   6.559264e-04   2.809557e-04
  3.137911e-01   2.189307e-04   2.876968e-04
  3.139215e-01  -1.074330e-04   2.922176e-04
  3.140519e-01   5.579066e-04   2.799146e-04
  3.141823e-01   2.793200e-04   2.904400e-04
  3.143127e-01   1.982573e-04   2.852942e-04
  3.144431e-01   2.951655e-04   2.890729e-04
  3.145735e-01   2.698026e-04   2.962028e-04
  3.147039e-01   8.151938e-05   2.849734e-04
  3.148342e-01   2.272781e-04   2.933786e-04
  3.149646e-01   9.525863e-05   2.922155e-04
  3.150950e-01   6.787088e-04   2.889450e-04
  3.152254e-01   5.240448e-04   2.971237e-04
  3.153558e-01   1.833344e-04   2.892972e-04
  3.154862e-01   1.483163e-04   2.952642e-04
  3.156166e-01   4.805479e-04   3.031436e-04
  3.157470e-01   2.937371e-04   2.895202e-04
  3.158774e-01   2.743364e-04   3.004703e-04
  3.160078e-01   3.557868e-04   2.972595e-04
  3.161382e-01   1.808644e-04   2.976562e-04
  3.162686e-01   4.804098e-04   3.035027e-04
  3.163990e-01   5.289612e-04   2.944536e-04
  3.165293e-01   8.349500e-04   3.039249e-04
  3.166597e-01   1.127402e-04   3.091725e-04
  3.167901e-01   4.426088e-04   2.931449e-04
  3.169205e-01  -1.219823e-04   3.078799e-04
  3.170509e-01   7.608741e-04   2.998101e-04
  3.171813e-01   5.025624e-04   3.058678e-04
  3.173117e-01   2.274977e-04   3.091037e-04
  3.174421e-01   9.710228e-05   2.989318e-04
  3.175725e-01  -1.286933e-04   3.093592e-04
  3.177029e-01   4.491053e-04   3.085374e-04
  3.178333e-01   1.053741e-04   3.048169e-04
  3.179637e-01   4.130364e-05   3.141096e-04
  3.180941e-01  -1.239976e-04   3.044127e-04
  3.182244e-01   4.720265e-06   3.132844e-04
  3.183548e-01   1.215739e-04   3.165642e-04
  3.184852e-01   4.328367e-04   3.039600e-04
  3.186156e-01   1.438135e-04   3.155308e-04
  3.187460e-01   1.405438e-04   3.107787e-04
  3.188764e-01   2.302678e-04   3.153679e-04
  3.190068e-01  -1.622033e-06   3.220507e-04
  3.191372e-01  -6.222317e-05   3.128846e-04
  3.192676e-01  -5.412932e-05   3.192118e-04
  3.193980e-01   6.273617e-05   3.240545e-04
  3.195284e-01   4.370798e-04   3.115655e-04
  3.196588e-01   2.569731e-04   3.276695e-04
  3.197892e-01   5.928368e-05   3.154062e-04
  3.199195e-01   7.838160e-04   3.222191e-04
  3.200499e-01   6.100804e-04   3.332522e-04
  3.201803e-01  -1.013887e-04   3.144601e-04
  3.203107e-01   6.725455e-04   3.278712e-04
  3.204411e-01   4.052549e-04   3.258307e-04
  3.205715e-01   6.495298e-04   3.249597e-04
  3.207019e-01   7.884553e-04   3.403007e-04
  3.208323e-01  -2.500573e-04   3.189823e-04
  3.209627e-01   5.674082e-04   3.344730e-04
  3.210931e-01   5.437429e-04   3.394590e-04
  3.212235e-01  -1.178638e-05   3.187972e-04
  3.213539e-01   2.726026e-05   3.402932e-04
  3.214843e-01   8.889608e-05   3.273850e-04
  3.216147e-01   2.556999e-04   3.345827e-04
  3.217450e-01  -1.001475e-04   3.436965e-04
  3.218754e-01   3.283923e-05   3.252692e-04
  3.220058e-01   1.891060e-04   3.428412e-04
  3.221362e-01   4.685933e-04   3.389591e-04
  3.222666e-01  -2.534077e-04   3.327706e-04
  3.223970e-01   4.742784e-04   3.480604e-04
  3.225274e-01   1.508330e-04   3.314146e-04
  3.226578e-01   3.483431e-04   3.491945e-04
  3.227882e-01   1.142986e-04   3.520114e-04
  3.229186e-01   3.879090e-04   3.335345e-04
  3.230490e-01  -1.226426e-04   3.519503e-04
  3.231794e-01  -5.191108e-04   3.408969e-04
  3.233098e-01  -3.999967e-04   3.463530e-04
  3.234401e-01  -2.450815e-04   3.554817e-04
  3.235705e-01   3.630113e-04   3.416124e-04
  3.237009e-01   5.942372e-04   3.574237e-04
  3.238313e-01  -3.782276e-05   3.599532e-04
  3.239617e-01  -3.200336e-06   3.421751e-04
  3.240921e-01   4.081097e-04   3.619279e-04
  3.242225e-01  -3.151480e-04   3.473816e-04
  3.243529e-01   7.230243e-04   3.599370e-04
  3.244833e-01   2.082524e-04   3.657928e-04
  3.246137e-01   1.977358e-04   3.521255e-04
  3.247441e-01   4.967301e-04   3.655280e-04
  3.248745e-01   5.815506e-05   3.617343e-04
  3.250049e-01   4.146547e-04   3.622622e-04
  3.251352e-01   5.476785e-04   3.729354e-04
  3.252656e-01   3.276598e-04   3.624892e-04
  3.253960e-01   5.977890e-04   3.701226e-04
  3.255264e-01   1.167520e-04   3.718803e-04
  3.256568e-01   1.877278e-04   3.620910e-04
  3.257872e-01   5.156939e-04   3.769745e-04
  3.259176e-01  -5.088729e-04   3.673941e-04
  3.260480e-01  -1.626893e-04   3.726752e-04
  3.261784e-01   4.111406e-04   3.810449e-04
  3.263088e-01   1.732894e-04   3.726772e-04
  3.264392e-01  -8.791026e-06   3.743154e-04
  3.265696e-01  -4.859777e-04   3.853861e-04
  3.267000e-01  -1.756417e-04   3.731877e-04
  3.268303e-01  -3.988705e-04   3.860036e-04
  3.269608e-01   3.071069e-05   3.829126e-04
  3.270911e-01  -2.861656e-04   3.824142e-04
  3.272215e-01   7.368891e-04   3.935501e-04
  3.273519e-01  -7.622752e-04   3.841571e-04
  3.274823e-01   2.553409e-04   3.900323e-04
  3.276127e-01   2.464038e-04   3.960000e-04
  3.277431e-01   4.745191e-04   3.897976e-04
  3.278735e-01   6.749755e-04   3.969158e-04
  3.280039e-01  -2.104846e-04   3.941418e-04
  3.281343e-01   4.020453e-04   3.973994e-04
  3.282647e-01   1.700238e-04   3.966470e-04
  3.283951e-01  -5.789318e-05   3.990977e-04
  3.285255e-01   1.072623e-03   4.077786e-04
  3.286559e-01   8.123708e-04   4.095097e-04
  3.287862e-01  -1.855986e-04   4.029850e-04
  3.289166e-01   1.158772e-03   4.124924e-04
  3.290470e-01  -7.737153e-04   4.090530e-04
  3.291774e-01   3.524512e-04   4.089440e-04
  3.293078e-01  -2.222518e-04   4.135440e-04
  3.294382e-01   1.484633e-04   4.152373e-04
  3.295686e-01  -1.209477e-05   4.187636e-04
  3.296990e-01  -4.812657e-04   4.198608e-04
  3.298294e-01  -5.060784e-04   4.188850e-04
  3.299598e-01  -8.385773e-05   4.230809e-04
  3.300902e-01   1.593737e-04   4.271537e-04
  3.302206e-01   9.589911e-04   4.274259e-04
  3.303509e-01  -6.203182e-04   4.255394e-04
  3.304813e-01  -9.158661e-04   4.329938e-04
  3.306117e-01   1.085518e-04   4.256644e-04
  3.307421e-01  -1.516013e-06   4.390968e-04
  3.308725e-01  -2.922519e-06   4.372377e-04
  3.310029e-01   2.653806e-04   4.365024e-04
  3.311333e-01   1.096810e-03   4.487795e-04
  3.312637e-01  -8.524051e-04   4.422867e-04
  3.313941e-01   7.790005e-04   4.495575e-04
  3.315245e-01  -2.682291e-04   4.507097e-04
  3.316549e-01  -3.651647e-04   4.429560e-04
  3.317853e-01   4.240982e-04   4.602438e-04
  3.319157e-01   1.250334e-03   4.631016e-04
  3.320461e-01   5.172279e-04   4.545244e-04
  3.321765e-01   2.424524e-05   4.647246e-04
  3.323068e-01   3.439558e-05   4.623275e-04
  3.324372e-01   1.305835e-03   4.718412e-04
  3.325676e-01  -4.822764e-04   4.671743e-04
  3.326980e-01   4.306521e-04   4.711909e-04
  3.328284e-01  -4.812093e-04   4.709825e-04
  3.329588e-01   8.748571e-05   4.786088e-04
  3.330892e-01  -2.658992e-04   4.734328e-04
  3.332196e-01   7.706949e-04   4.875907e-04
  3.333500e-01  -1.455587e-04   4.841145e-04
  3.334804e-01  -1.490083e-04   4.880342e-04
  3.336108e-01   8.704916e-04   4.965457e-04
  3.337412e-01  -4.120258e-05   4.963804e-04
  3.338716e-01   1.215105e-04   4.934901e-04
  3.340019e-01   9.528564e-05   4.999063e-04
  3.341323e-01   1.325749e-04   5.089591e-04
  3.342627e-01   8.501373e-04   5.098115e-04
  3.343931e-01   7.483645e-04   5.144658e-04
  3.345235e-01   6.472055e-05   5.151230e-04
  3.346539e-01   5.901959e-04   5.174475e-04
  3.347843e-01   8.001756e-04   5.294212e-04
  3.349147e-01   7.217906e-04   5.296222e-04
  3.350451e-01   1.842232e-04   5.247710e-04
  3.351755e-01   1.073403e-04   5.397706e-04
  3.353059e-01   1.096207e-03   5.366181e-04
  3.354363e-01   2.225704e-04   5.411853e-04
  3.355667e-01   4.631972e-05   5.521422e-04
  3.356970e-01   2.664553e-05   5.454489e-04
  3.358274e-01  -1.247740e-03   5.507921e-04
  3.359578e-01  -1.267352e-04   5.635501e-04
  3.360882e-01  -4.006760e-04   5.575073e-04
  3.362186e-01  -1.517627e-04   5.677898e-04
  3.363490e-01   5.514025e-04   5.777691e-04
  3.364794e-01  -1.390106e-04   5.757959e-04
  3.366098e-01  -3.314653e-04   5.775058e-04
  3.367402e-01  -5.495222e-04   5.950751e-04
  3.368706e-01  -2.573537e-04   5.875849e-04
  3.370010e-01   4.973475e-04   5.984670e-04
  3.371314e-01   4.255438e-04   6.061110e-04
  3.372618e-01   4.375077e-04   6.042427e-04
  3.373922e-01  -2.750970e-04   6.098489e-04
  3.375225e-01   1.457617e-03   6.407482e-04
  3.376529e-01  -2.370428e-04   6.150153e-04
  3.377833e-01   3.949545e-04   6.350643e-04
  3.379137e-01  -2.978081e-04   6.480887e-04
  3.380441e-01  -4.049723e-04   6.357361e-04
  3.381745e-01  -1.759792e-04   6.563828e-04
  3.383049e-01  -2.594938e-04   6.530841e-04
  3.384353e-01   1.010610e-03   6.739088e-04
  3.385657e-01   1.309441e-04   6.826940e-04
  3.386961e-01  -6.816755e-04   6.812358e-04
  3.388265e-01  -2.173570e-04   6.884984e-04
  3.389569e-01   1.122123e-03   7.066858e-04
  3.390873e-01  -1.153455e-04   7.062285e-04
  3.392176e-01  -7.486000e-04   7.061761e-04
  3.393480e-01  -1.938403e-04   7.277816e-04
  3.394784e-01   8.811981e-04   7.551734e-04
  3.396088e-01  -1.256134e-03   7.356256e-04
  3.397392e-01   8.511689e-05   7.667296e-04
  3.398696e-01   2.298677e-04   7.679413e-04
  3.400000e-01  -3.920598e-04   7.614008e-04
